SKU,Name,fk_Unit_Size, PB_FY24_1 ,PB_FY24_1_Status, PB_FY23_3 ,PB_FY23_3_Status,Discountable,fk_Category
355520 800,ALPHAGRADE - 5.5 GL KIT,37,131,Active,128,Active,1,8
355520 8550,ALPHAGRADE - 550 GL KIT,38,12960,Active,12705,Active,1,8
355600 800,ALPHAGRADE BASE COAT - 3.75 GL KIT,39,501,Active,501,Active,1,8
355600 8375,ALPHAGRADE BASE COAT - 375 GL KIT,40,48361,Active,48361,Active,1,8
355700 800,ALPHAGRADE TOP COAT - 2.5 GL KIT,41,356,Active,356,Active,1,8
355700 8250,ALPHAGRADE TOP COAT - 250 GL KIT,7,34577,Active,34577,Active,1,8
351700 800,ALPHAGUARD BIO BASE COAT A & B  4 GL KIT,14,534,Active,534,Active,1,8
351700 8250,ALPHAGUARD BIO BASE COAT A & B 250 GL KIT,7,31838,Active,31838,Active,1,8
351710T800,ALPHAGUARD BIO TOP COAT - WHITE 3.1 GL KIT,9,440,Active,440,Active,1,8
351710T8140,ALPHAGUARD BIO TOP COAT WHITE 140 GL KIT  ,5,19156,Active,19156,Active,1,8
351717T800,ALPHAGUARD BIO TOP COAT BEIGE A & B KIT,9,493,Active,493,Active,1,8
351714T800,ALPHAGUARD BIO TOP COAT DARK GRAY KIT,9,493,Active,493,Active,1,8
351712T800,ALPHAGUARD BIO TOP COAT LIGHT GRAY KIT,9,493,Active,493,Active,1,8
351713T800,ALPHAGUARD BIO TOP COAT MEDIUM GRAY KIT,9,493,Active,493,Active,1,8
351719T800,ALPHAGUARD BIO TOP COAT SAFETY YELLOW KIT,9,493,Active,493,Active,1,8
351716T800,ALPHAGUARD BIO TOP COAT SAND A & B KIT,9,493,Active,493,Active,1,8
351695 804,ALPHAGUARD C-PRIME 1:1 4 GL CASE,13,516,Active,505,Active,1,8
351695 810,ALPHAGUARD C-PRIME 1:1 10 GL KIT    ,3,1098,Active,1076,Active,1,8
351695A805,ALPHAGUARD C-PRIME 1:1 PART A 5 GL,18,549,Active,538,Active,1,8
351695B805,ALPHAGUARD C-PRIME 1:1 PART B 5 GL,19,554,Active,543,Active,1,8
351920FC111,ALPHAGUARD FC CATALYST 11 LB 50/CASE,28,414,Active,405,Active,1,8
351920FC555,ALPHAGUARD FC CATALYST 55 LB,29,1650,Active,1617,Active,1,8
351673C501,"ALPHAGUARD GLASS MAT  25"" X 299'",33,503,Active,493,Active,1,8
351672C501,"ALPHAGUARD GLASS MAT  50"" X 299'",33,909,Active,891,Active,1,8
351681 801,ALPHAGUARD M-PRIME - 1 GL,1,270,Active,250,Active,1,8
351680 817,ALPHAGUARD M-PRIME - 1 QT,2,118,Active,109,Active,1,8
351602S802,ALPHAGUARD MTS BASE COAT GRAY 2 GL,6,286,Active,275,Active,1,8
351602S805,ALPHAGUARD MTS BASE COAT GRAY 5 GL ,17,699,Active,672,Active,1,8
351610S802,ALPHAGUARD MTS TOP COAT WHITE 2 GL,6,325,Active,312,Active,1,8
351610S805,ALPHAGUARD MTS TOP COAT WHITE 5 GL,17,747,Active,718,Active,1,8
351617 805,ALPHAGUARD MT TOP COAT BEIGE 5 GL,17,849,Active,816,Active,1,8
351611 805,ALPHAGUARD MT TOP COAT BLACK 5 GL,17,849,Active,816,Active,1,8
351614 805,ALPHAGUARD MT TOP COAT DARK GRAY  5 GL,17,849,Active,816,Active,1,8
351615 805,ALPHAGUARD MT TOP COAT GARNET 5 GL,17,849,Active,816,Active,1,8
351612 805,ALPHAGUARD MT TOP COAT LT GRAY 5 GL,17,849,Active,816,Active,1,8
351613 805,ALPHAGUARD MT TOP COAT MEDIUM GRAY 5 GL,17,849,Active,816,Active,1,8
351618 805,ALPHAGUARD MT TOP COAT PATINA GREEN 5 GL,17,849,Active,816,Active,1,8
351619 805,ALPHAGUARD MT TOP COAT SAFETY YELLOW 5GL,17,849,Active,816,Active,1,8
351616 805,ALPHAGUARD MT TOP COAT SAND 5 GL,17,849,Active,816,Active,1,8
351900 802,ALPHAGUARD PUMA BASE COAT 2 GL,6,274,Active,268,Active,1,8
351900 806,ALPHAGUARD PUMA BASE COAT 6 GL,27,797,Active,781,Active,1,8
351930 806,ALPHAGUARD PUMA CLEANER 6 GL,27,467,Active,457,Active,1,8
351912 806,ALPHAGUARD PUMA CLEAR COAT 6 GL,27,NULL,Obsolete,NULL,Removed,1,8
351935 801,ALPHAGUARD PUMA COLDWEATHER  CATALYST 1 GL,1,NULL,Obsolete,NULL,Removed,1,8
351970DR800,ALPHAGUARD PUMA DR KIT,31,NULL,Obsolete,NULL,Removed,1,8
351960 806,ALPHAGUARD PUMA PRIMER - 107   6 GL,27,489,Active,479,Active,1,8
351950 802,ALPHAGUARD PUMA QUICK FLASH  2 GL,6,311,Active,304,Active,1,8
351950 806,ALPHAGUARD PUMA QUICK FLASH  6 GL,27,816,Active,800,Active,1,8
351970SR800,ALPHAGUARD PUMA SR KIT,31,NULL,Obsolete,NULL,Removed,1,8
351940 806,ALPHAGUARD PUMA THIX 6 GL,27,873,Active,855,Active,1,8
351910 802,ALPHAGUARD PUMA TOP COAT WHITE 2 GL,6,240,Active,235,Active,1,8
351910 806,ALPHAGUARD PUMA TOP COAT WHITE 6 GL,27,657,Active,644,Active,1,8
351913L802,ALPHAGUARD PUMA TOP COAT LIGHT GRAY 2 GL,6,251,Active,246,Active,1,8
351913L806,ALPHAGUARD PUMA TOP COAT LIGHT GRAY 6 GL,27,690,Active,676,Active,1,8
351911 806,ALPHAGUARD PUMA TOPCOAT UNPIGMENT 6 GL,27,677,Active,663,Active,1,8
351960VB800,ALPHAGUARD PUMA VB 3.6 GL KIT,10,NULL,Obsolete,NULL,Removed,1,8
351250SC805,ALPHAGUARD Si 100 SILICONE WHITE 5 GL,17,911,Active,893,Active,1,8
351250SC850,ALPHAGUARD Si 100 SILICONE WHITE 50 GL,20,9104,Active,8925,Active,1,8
351254SC805,ALPHAGUARD Si 100 SILICONE DK GREY 5 GL,17,911,Active,893,Active,1,8
351254SC850,ALPHAGUARD Si 100 SILICONE DK GREY 50 GL,20,9104,Active,8925,Active,1,8
351252SC805,ALPHAGUARD Si 100 SILICONE LT GREY 5 GL,17,911,Active,893,Active,1,8
351252SC850,ALPHAGUARD Si 100 SILICONE LT GREY 50 GL,20,9104,Active,8925,Active,1,8
351256SC805,ALPHAGUARD Si 100 SILICONE TAN 5 GL,17,911,Active,893,Active,1,8
351256SC850,ALPHAGUARD Si 100 SILICONE TAN 50 GL,20,9104,Active,8925,Active,1,8
351258SC805,ALPHAGUARD Si 100 TERRA COTTA 5 GL,17,911,Active,893,Active,1,8
351258SC850,ALPHAGUARD Si 100 TERRA COTTA 50 GL,20,9104,Active,8925,Active,1,8
351220S805,ALPHAGUARD Si 70 SILICONE WHITE 5 GL,17,724,Active,709,Active,1,8
351220S850,ALPHAGUARD Si 70 SILICONE WHITE 50 GL,20,7230,Active,7088,Active,1,8
351224S805,ALPHAGUARD Si 70 SILICONE DK GREY 5 GL,17,724,Active,709,Active,1,8
351224S850,ALPHAGUARD Si 70 SILICONE DK GREY 50 GL,20,7230,Active,7088,Active,1,8
351222S805,ALPHAGUARD Si 70 SILICONE LT GREY 5 GL,17,724,Active,709,Active,1,8
351222S850,ALPHAGUARD Si 70 SILICONE LT GREY 50 GL,20,7230,Active,7088,Active,1,8
351226S805,ALPHAGUARD Si 70 SILICONE TAN 5 GL,17,724,Active,709,Active,1,8
351226S850,ALPHAGUARD Si 70 SILICONE TAN 50 GL,20,7230,Active,7088,Active,1,8
351240S805,ALPHAGUARD Si POLY FIL 5 GL,17,153,Active,150,Active,1,8
351230S805,ALPHAGUARD Si PREP CLEANER 5 GL,17,549,Active,538,Active,1,8
351211SK810,ALPHAGUARD Si PRIMER A & B 10 GL/Kit,3,1179,Active,1155,Active,1,8
351675 801,ALPHAGUARD WB PRIMER  1 GL,1,88,Active,86,Active,1,8
351675 805,ALPHAGUARD WB PRIMER  5 GL ,17,380,Active,372,Active,1,8
301050A,ALUMANATION 301 5 GL,17,271,Active,265,Active,1,8
301530A,ALUMANATION 301 53 GL LINED,25,2798,Active,2743,Active,1,8
301550A,ALUMANATION 301 55 GL,26,2866,Active,2809,Active,1,8
094200 801,DECKTITE WDS EQUIP CLEANER 1 GL,1,117,Active,114,Active,1,8
098002 501,DECKTITE WDS SEAL BACKPACK,29,773,Active,757,Active,1,8
094001 801,DECKTITE WDS SEALER 1 GL,1,717,Active,702,Active,1,8
094001 805,DECKTITE WDS SEALER 5 GL,17,3382,Active,3315,Active,1,8
098004 501,DECKTITE WDS SPRAY GUN 9:1,29,1410,Active,1382,Active,1,8
370110 805,ECOLASTIC 5 GL,17,188,Active,184,Active,1,8
370110 853,ECOLASTIC 53 GL LINED,25,1932,Active,1894,Active,1,8
370110 855,ECOLASTIC 53 GL UNLINED,24,1864,Active,1827,Active,1,8
360570 805,ECOMASTIC 5 U.S. GALLON PAIL,17,NULL,Obsolete,NULL,Removed,1,8
360620 802,ELS  2 GL,6,78,Active,76,Active,1,8
360620 805,ELS  5 GL   ,17,164,Active,160,Active,1,8
360623 802,ELS WINTER GRADE 2 GL,6,78,Active,76,Active,1,8
360623 805,ELS WINTER GRADE 5 GL  ,17,164,Active,160,Active,1,8
4890902C,GEOGARD FINISH COAT WHITE 2 GL,6,362,Active,354,Active,1,8
4890905P,GEOGARD FINISH COAT WHITE 5 GL,17,894,Active,876,Active,1,8
4882905P,GEOGARD FINISH COAT BEIGE 5 GL,17,920,Active,901,Active,1,8
4881905P,GEOGARD FINISH COAT LIMESTONE 5 GL,17,920,Active,901,Active,1,8
4883905P,GEOGARD FINISH COAT MAPLE 5 GL,17,920,Active,901,Active,1,8
4884905P,GEOGARD FINISH COAT SLATE GRAY 5 GL,17,920,Active,901,Active,1,8
491L002C,GEOGARD LO BASE COAT 2 GL,6,240,Active,235,Active,1,8
491L005P,GEOGARD LO BASE COAT 5 GL,17,577,Active,565,Active,1,8
494101C,GEOGARD PRIMER 1 GL,1,171,Active,167,Active,1,8
494105P,GEOGARD PRIMER 5 GL  ,17,741,Active,726,Active,1,8
49202C,GEOGARD SEAM SEALER 2 GL,6,320,Active,313,Active,1,8
49205,GEOGARD SEAM SEALER 5 GL,17,786,Active,770,Active,1,8
492R333,GEOGARD SEAM SEALER 850 mL TUBES 12/CS,28,468,Active,458,Active,1,8
HS1935501,HYDROSHED - 1 GL,1,128,Active,125,Active,1,8
HS1935505,HYDROSHED - 5 GL,17,434,Active,425,Active,1,8
HS1935555,HYDROSHED - 55 GL,26,4335,Active,4250,Active,1,8
34437000 805,ICE COATING WHITE 5 GL ,17,NULL,Obsolete,NULL,Removed,1,8
34437000 853,ICE COATING WHITE 53 GL LINED  ,25,NULL,Obsolete,NULL,Removed,1,8
34447000 805,ICE COATING WHITE 5 GL,17,427,Active,418,Active,1,8
34447000 853,ICE COATING WHITE 53 GL LINED,25,4404,Active,4317,Active,1,8
6637837 213,ONESEAL CLEAN & PRIME 6/CASE,28,126,Active,123,Active,1,8
66370002 213,ONESEAL ROOF SEALER BLACK 6/CASE,28,164,Active,160,Active,1,8
6634729 213,ONESEAL ROOF SEALER GRAY 6/CASE,28,164,Active,160,Active,1,8
6637000 213,ONESEAL ROOF SEALER WHITE 6/CASE,28,164,Active,160,Active,1,8
230004R,"PERMAFAB 4"" X 300' ROLL",33,72,Active,70,Active,1,8
230006R,"PERMAFAB 6"" X 300' ROLL",33,98,Active,96,Active,1,8
230012R,"PERMAFAB 12"" X 300' ROLL",33,187,Active,183,Active,1,8
290400,"PERMAFAB 40"" X 324' ROLL",33,566,Active,554,Active,1,8
230004MAX,"PERMAFAB MAX 4"" X 324' ROLL",33,100,Active,NULL,Active,1,8
230006MAX,"PERMAFAB MAX 6"" X 324' ROLL",33,150,Active,NULL,Active,1,8
230012MAX,"PERMAFAB MAX 12"" X 324' ROLL",33,300,Active,NULL,Active,1,8
230040MAX,"PERMAFAB MAX 40"" X 324' ROLL",33,800,Active,NULL,Active,1,8
346102 805,POLARCOTE FR WHITE  5 GL,17,490,Active,480,Active,1,8
346102 853,POLARCOTE FR WHITE 53 GL LINED,25,5122,Active,5021,Active,1,8
005XK06503,"POLYFOIL  4"" X 50' ROLL",33,101,Active,99,Active,1,8
005XK05503,"POLYTAPE 4"" x 50' ROLL",33,75,Active,73,Active,1,8
005170 503,"RAPID SET REINFORCING FABRIC 40"" x 334'",33,969,Active,950,Active,1,8
364600A805,ROCK-IT ADHESIVE 5 GL,17,401,Active,393,Active,1,8
364600A855,ROCK-IT ADHESIVE 52 GL,22,4044,Active,3964,Active,1,8
364600A853,ROCK-IT ADHESIVE 52 GL LINED,23,4116,Active,4035,Active,1,8
364670 805,ROCK-IT ADHESIVE WB  5 GL,17,432,Active,423,Active,1,8
364670 853,ROCK-IT ADHESIVE WB  53 GL LINED,25,4511,Active,4422,Active,1,8
1410700001C,SG ACRYTHANE WHITE 1 GL,1,171,Active,167,Active,1,8
1410700005P,SG ACRYTHANE WHITE 5 GL,17,784,Active,768,Active,1,8
1410042105P,SG ACRYTHANE SCC ADOBE ACCENT 5 GL,17,784,Active,768,Active,1,8
1410309005P,SG ACRYTHANE SCC AMARILLO WHITE 5 GL,17,784,Active,768,Active,1,8
1410615305P,SG ACRYTHANE SCC ASH GRAY 5 GL,17,784,Active,768,Active,1,8
1410113105P,SG ACRYTHANE SCC BEACH 5 GL PL,17,784,Active,768,Active,1,8
1410309405P,SG ACRYTHANE SCC CANVAS 5 GL PL,17,784,Active,768,Active,1,8
1410113205P,SG ACRYTHANE SCC COLONIAL RED 5 GL,17,784,Active,768,Active,1,8
1410042505P,SG ACRYTHANE SCC COLONIAL TAN 5 GL,17,784,Active,768,Active,1,8
1410041705P,SG ACRYTHANE SCC DARK BRONZE 5 GL,17,784,Active,768,Active,1,8
1410614205P,SG ACRYTHANE SCC DRIFTWOOD 5 GL PL,17,784,Active,768,Active,1,8
1410415505P,SG ACRYTHANE SCC EVERGREEN 5 GL,17,784,Active,768,Active,1,8
1410615405P,SG ACRYTHANE SCC GULL GRAY 5GL PAIL,17,784,Active,768,Active,1,8
1410415705P,SG ACRYTHANE SCC HARTFORD GREEN 5 GL,17,784,Active,768,Active,1,8
1410042805P,SG ACRYTHANE SCC HONEY TWIST 5 GL PL,17,784,Active,768,Active,1,8
1410309105P,SG ACRYTHANE SCC MANOR WHITE 5 GL,17,784,Active,768,Active,1,8
1410042605P,SG ACRYTHANE SCC MEDIUM BRONZE 5 GL,17,784,Active,768,Active,1,8
1410309205P,SG ACRYTHANE SCC OYSTER SHELL 5 GL,17,784,Active,768,Active,1,8
1410415605P,SG ACRYTHANE SCC PATINA GREEN 5 GL,17,784,Active,768,Active,1,8
1410042205P,SG ACRYTHANE SCC PEARL ASH 5 GL,17,784,Active,768,Active,1,8
1410509405P,SG ACRYTHANE SCC REGL BLUE 5 GL,17,784,Active,768,Active,1,8
1410509205P,SG ACRYTHANE SCC ROMAN BLUE 5 GL,17,784,Active,768,Active,1,8
1410307205P,SG ACRYTHANE SCC SANDLEWOOD BEIGE 5 GL,17,784,Active,768,Active,1,8
1410615205P,SG ACRYTHANE SCC SMOKE SIGNAL 5 GL,17,784,Active,768,Active,1,8
1410042405P,SG ACRYTHANE SCC SOUTHERN TAN 5 GL,17,784,Active,768,Active,1,8
1410614405P,SG ACRYTHANE SCC STONE GRAY 5 GL,17,784,Active,768,Active,1,8
1410309305P,SG ACRYTHANE SCC SUNSET YELLOW 5 GL,17,784,Active,768,Active,1,8
1410042305P,SG ACRYTHANE SCC SURREY BEIGE 5 GL,17,784,Active,768,Active,1,8
110705,SKYLIGHT COATING CLEAR 5 GL,17,457,Active,448,Active,1,8
1121700005P,SOLARGARD 6083 BASE COAT 5 GL,17,416,Active,407,Active,1,8
1121700053D,SOLARGARD 6083 BASE COAT 53 GL,25,4227,Active,4144,Active,1,8
1120700005P,SOLARGARD 6083 FINISH COAT WHITE 5 GL,17,416,Active,407,Active,1,8
1120700053D,SOLARGARD 6083 FINISH COAT WHITE 53 GL,25,4227,Active,4144,Active,1,8
1120042105P,SOLARGARD 6083 SCC ADOBE ACCENT 5 GL,17,416,Active,407,Active,1,8
1120042153D,SOLARGARD 6083 SCC ADOBE ACCENT 53 GL,25,4227,Active,4144,Active,1,8
1120309005P,SOLARGARD 6083 SCC AMARILLO WHITE 5 GL,17,416,Active,407,Active,1,8
1120309053D,SOLARGARD 6083 SCC AMARILLO WHITE 53 GL,25,4227,Active,4144,Active,1,8
1120615305P,SOLARGARD 6083 SCC ASH GRAY 5 GL,17,416,Active,407,Active,1,8
1120615353D,SOLARGARD 6083 SCC ASH GRAY 53 GL,25,4227,Active,4144,Active,1,8
1120113105P,SOLARGARD 6083 SCC BEACH 5 GL,17,416,Active,407,Active,1,8
1120113153D,SOLARGARD 6083 SCC BEACH 53 GL,25,4227,Active,4144,Active,1,8
1120309405P,SOLARGARD 6083 SCC CANVAS 5 GL,17,416,Active,407,Active,1,8
1120309453D,SOLARGARD 6083 SCC CANVAS 53 GL,25,4227,Active,4144,Active,1,8
1120113205P,SOLARGARD 6083 SCC COLONIAL RED 5 GL,17,451,Active,442,Active,1,8
1120113253D,SOLARGARD 6083 SCC COLONIAL RED 53 GL,25,4598,Active,4515,Active,1,8
1120042505P,SOLARGARD 6083 SCC COLONIAL TAN 5 GL,17,416,Active,407,Active,1,8
1120042553D,SOLARGARD 6083 SCC COLONIAL TAN 53 GL,25,4227,Active,4144,Active,1,8
1120041705P,SOLARGARD 6083 SCC DARK BRONZE 5 GL,17,416,Active,407,Active,1,8
1120041753D,SOLARGARD 6083 SCC DARK BRONZE 53 GL,25,4227,Active,4144,Active,1,8
1120614205P,SOLARGARD 6083 SCC DRIFTWOOD 5 GL,17,416,Active,407,Active,1,8
1120614253D,SOLARGARD 6083 SCC DRIFTWOOD 53 GL,25,4227,Active,4144,Active,1,8
1120415505P,SOLARGARD 6083 SCC EVERGREEN 5 GL,17,431,Active,422,Active,1,8
1120415553D,SOLARGARD 6083 SCC EVERGREEN 53 GL,25,4386,Active,4303,Active,1,8
1120615405P,SOLARGARD 6083 SCC GULL GRAY 5 GL,17,416,Active,407,Active,1,8
1120615453D,SOLARGARD 6083 SCC GULL GRAY 53 GL,25,4227,Active,4144,Active,1,8
1120415705P,SOLARGARD 6083 SCC HARTFORD GREEN 5 GL,17,451,Active,442,Active,1,8
1120415753D,SOLARGARD 6083 SCC HARTFORD GREEN 53 GL,25,4598,Active,4515,Active,1,8
1120042805P,SOLARGARD 6083 SCC HONEY TWIST 5 GL,17,416,Active,407,Active,1,8
1120042853D,SOLARGARD 6083 SCC HONEY TWIST 53 GL,25,4227,Active,4144,Active,1,8
1120309105P,SOLARGARD 6083 SCC MANOR WHITE 5 GL,17,416,Active,407,Active,1,8
1120309153D,SOLARGARD 6083 SCC MANOR WHITE 53 GL,25,4227,Active,4144,Active,1,8
1120042605P,SOLARGARD 6083 SCC MEDIUM BRONZE 5 GL,17,431,Active,422,Active,1,8
1120042653D,SOLARGARD 6083 SCC MEDIUM BRONZE 53 GL,25,4386,Active,4303,Active,1,8
1120309205P,SOLARGARD 6083 SCC OYSTER SHELL 5 GL,17,416,Active,407,Active,1,8
1120309253D,SOLARGARD 6083 SCC OYSTER SHELL 53 GL,25,4227,Active,4144,Active,1,8
1120415605P,SOLARGARD 6083 SCC PATINA GREEN 5 GL,17,431,Active,422,Active,1,8
1120415653D,SOLARGARD 6083 SCC PATINA GREEN 53 GL,25,4386,Active,4303,Active,1,8
1120042205P,SOLARGARD 6083 SCC PEARL ASH 5 GL,17,416,Active,407,Active,1,8
1120042253D,SOLARGARD 6083 SCC PEARL ASH 53 GL,25,4227,Active,4144,Active,1,8
1120509405P,SOLARGARD 6083 SCC REGAL BLUE 5 GL,17,451,Active,442,Active,1,8
1120509453D,SOLARGARD 6083 SCC REGAL BLUE 53 GL,25,4598,Active,4515,Active,1,8
1120509205P,SOLARGARD 6083 SCC ROMAN BLUE 5 GL,17,431,Active,422,Active,1,8
1120509253D,SOLARGARD 6083 SCC ROMAN BLUE 53 GL,25,4386,Active,4303,Active,1,8
1120307205P,SOLARGARD 6083 SCC SANDLEWOOD BEIGE 5 GL,17,416,Active,407,Active,1,8
1120307253D,SOLARGARD 6083 SCC SANDLEWOOD BEIGE 53 GL,25,4227,Active,4144,Active,1,8
1120615205P,SOLARGARD 6083 SCC SMOKE SIGNAL 5 GL,17,416,Active,407,Active,1,8
1120615253D,SOLARGARD 6083 SCC SMOKE SIGNAL 53 GL,25,4227,Active,4144,Active,1,8
1120042405P,SOLARGARD 6083 SCC SOUTHERN TAN 5 GL,17,416,Active,407,Active,1,8
1120042453D,SOLARGARD 6083 SCC SOUTHERN TAN 53 GL,25,4227,Active,4144,Active,1,8
1120614405P,SOLARGARD 6083 SCC STONE GRAY 5 GL,17,416,Active,407,Active,1,8
1120614453D,SOLARGARD 6083 SCC STONE GRAY 53 GL,25,4227,Active,4144,Active,1,8
1120309305P,SOLARGARD 6083 SCC SUNSET YELLOW 5 GL,17,416,Active,407,Active,1,8
1120309353D,SOLARGARD 6083 SCC SUNSET YELLOW 53 GL,25,4227,Active,4144,Active,1,8
1120042305P,SOLARGARD 6083 SCC SURREY BEIGE 5 GL,17,416,Active,407,Active,1,8
1120042353D,SOLARGARD 6083 SCC SURREY BEIGE 53 GL,25,4227,Active,4144,Active,1,8
110001C,SOLARGARD ACRYLIC SEALER 1 GL,1,134,Active,131,Active,1,8
110005P,SOLARGARD ACRYLIC SEALER 5 GL,17,574,Active,562,Active,1,8
1130K01C,SOLARGARD FLUORO-PRIME 1 GL,1,101,Active,99,Active,1,8
1130K05P,SOLARGARD FLUORO-PRIME 4 GL,12,431,Active,422,Active,1,8
1512700005P,SOLARGARD HY-BUILD WHITE 5 GL,17,389,Active,381,Active,1,8
1512700053D,SOLARGARD HY-BUILD WHITE 53 GL,25,4011,Active,3932,Active,1,8
1512042105P,SOLARGARD H.B. SCC ADOBE ACCENT 5 GL,17,389,Active,381,Active,1,8
1512042153D,SOLARGARD H.B. SCC ADOBE ACCENT 53 GL,25,4011,Active,3932,Active,1,8
1512309005P,SOLARGARD H.B. SCC AMARILLO WHITE 5 GL,17,389,Active,381,Active,1,8
1512309053D,SOLARGARD H.B. SCC AMARILLO WHITE 53 GL,25,4011,Active,3932,Active,1,8
1512615305P,SOLARGARD H.B. SCC ASH GRAY 5 GL,17,389,Active,381,Active,1,8
1512615353D,SOLARGARD H.B. SCC ASH GRAY 53 GL,25,4011,Active,3932,Active,1,8
1512113105P,SOLARGARD H.B. SCC BEACH 5 GL,17,389,Active,381,Active,1,8
1512113153D,SOLARGARD H.B. SCC BEACH 53 GL,25,4011,Active,3932,Active,1,8
1512309405P,SOLARGARD H.B. SCC CANVAS 5 GL,17,389,Active,381,Active,1,8
1512309453D,SOLARGARD H.B. SCC CANVAS 53 GL,25,4011,Active,3932,Active,1,8
1512113205P,SOLARGARD H.B. SCC COLONIAL RED 5 GL,17,424,Active,416,Active,1,8
1512113253D,SOLARGARD H.B. SCC COLONIAL RED 53 GL,25,4382,Active,4303,Active,1,8
1512042505P,SOLARGARD H.B. SCC COLONIAL TAN 5 GL,17,389,Active,381,Active,1,8
1512042553D,SOLARGARD H.B. SCC COLONIAL TAN 53 GL,25,4011,Active,3932,Active,1,8
1512041705P,SOLARGARD H.B. SCC DARK BRONZE 5 GL,17,389,Active,381,Active,1,8
1512041753D,SOLARGARD H.B. SCC DARK BRONZE 53 GL,25,4011,Active,3932,Active,1,8
1512614205P,SOLARGARD H.B. SCC DRIFTWOOD 5 GL,17,389,Active,381,Active,1,8
1512614253D,SOLARGARD H.B. SCC DRIFTWOOD 53 GL,25,4011,Active,3932,Active,1,8
1512415505P,SOLARGARD H.B. SCC EVERGREEN 5 GL,17,404,Active,396,Active,1,8
1512415553D,SOLARGARD H.B. SCC EVERGREEN 53 GL,25,4170,Active,4091,Active,1,8
1512615405P,SOLARGARD H.B. SCC GULL GRAY 5 GL,17,389,Active,381,Active,1,8
1512615453D,SOLARGARD H.B. SCC GULL GRAY 53 GL,25,4011,Active,3932,Active,1,8
1512415705P,SOLARGARD H.B. SCC HARTFORD GREEN 5 GL,17,424,Active,416,Active,1,8
1512415753D,SOLARGARD H.B. SCC HARTFORD GREEN 53 GL,25,4382,Active,4303,Active,1,8
1512042805P,SOLARGARD H.B. SCC HONEY TWIST 5 GL,17,389,Active,381,Active,1,8
1512042853D,SOLARGARD H.B. SCC HONEY TWIST 53 GL,25,4011,Active,3932,Active,1,8
1512309105P,SOLARGARD H.B. SCC MANOR WHITE 5 GL,17,389,Active,381,Active,1,8
1512309153D,SOLARGARD H.B. SCC MANOR WHITE 53 GL,25,4011,Active,3932,Active,1,8
1512042605P,SOLARGARD H.B. SCC MEDIUM BRONZE 5 GL,17,404,Active,396,Active,1,8
1512042653D,SOLARGARD H.B. SCC MEDIUM BRONZE 53 GL,25,4170,Active,4091,Active,1,8
1512309205P,SOLARGARD H.B. SCC OYSTER SHELL 5 GL,17,389,Active,381,Active,1,8
1512309253D,SOLARGARD H.B. SCC OYSTER SHELL 53 GL,25,4011,Active,3932,Active,1,8
1512415605P,SOLARGARD H.B. SCC PATINA GREEN 5 GL,17,404,Active,396,Active,1,8
1512415653D,SOLARGARD H.B. SCC PATINA GREEN 53 GL,25,4170,Active,4091,Active,1,8
1512042205P,SOLARGARD H.B. SCC PEARL ASH 5 GL,17,389,Active,381,Active,1,8
1512042253D,SOLARGARD H.B. SCC PEARL ASH 53 GL,25,4011,Active,3932,Active,1,8
1512509405P,SOLARGARD H.B. SCC REGAL BLUE 5 GL,17,424,Active,416,Active,1,8
1512509453D,SOLARGARD H.B. SCC REGAL BLUE 53 GL,25,4382,Active,4303,Active,1,8
1512509205P,SOLARGARD H.B. SCC ROMAN BLUE 5 GL,17,404,Active,396,Active,1,8
1512509253D,SOLARGARD H.B. SCC ROMAN BLUE 53 GL,25,4170,Active,4091,Active,1,8
1512307205P,SOLARGARD H.B. SCC SANDLEWOOD BEIGE 5 GL,17,389,Active,381,Active,1,8
1512307253D,SOLARGARD H.B. SCC SANDLEWOOD BEIGE 53 GL,25,4011,Active,3932,Active,1,8
1512615205P,SOLARGARD H.B. SCC SMOKE SIGNAL 5 GL,17,389,Active,381,Active,1,8
1512615253D,SOLARGARD H.B. SCC SMOKE SIGNAL 53 GL,25,4011,Active,3932,Active,1,8
1512042405P,SOLARGARD H.B. SCC SOUTHERN TAN 5 GL,17,389,Active,381,Active,1,8
1512042453D,SOLARGARD H.B. SCC SOUTHERN TAN 53 GL,25,4011,Active,3932,Active,1,8
1512614405P,SOLARGARD H.B. SCC STONE GRAY 5 GL,17,389,Active,381,Active,1,8
1512614453D,SOLARGARD H.B. SCC STONE GRAY 53 GL,25,4011,Active,3932,Active,1,8
1512309305P,SOLARGARD H.B. SCC SUNSET YELLOW 5 GL,17,389,Active,381,Active,1,8
1512309353D,SOLARGARD H.B. SCC SUNSET YELLOW 53 GL,25,4011,Active,3932,Active,1,8
1512042305P,SOLARGARD H.B. SCC SURREY BEIGE 5 GL,17,389,Active,381,Active,1,8
1512042353D,SOLARGARD H.B. SCC SURREY BEIGE 53 GL,25,4011,Active,3932,Active,1,8
1110700001,SOLARGARD MASONRY PRIMER WHITE 1 GL,1,99,Active,97,Active,1,8
1110700005,SOLARGARD MASONRY PRIMER WHITE 5 GL,17,423,Active,414,Active,1,8
346310S 805,SOLARGARD RUST PRIMER WB 5 GL,17,688,Active,674,Active,1,8
151102C,SOLARGARD SEAM SEALER 2 GL,6,244,Active,239,Active,1,8
151105P,SOLARGARD SEAM SEALER 5 GL,17,536,Active,525,Active,1,8
1511R333,SOLARGARD SEAM SEALER 850mL TUBES 12/CS,28,326,Active,319,Active,1,8
022180 801,SP PRIMER 1 GL,1,58,Active,56,Active,1,8
022180 805,SP PRIMER 5 GL,17,233,Active,228,Active,1,8
022180 853,SP PRIMER 53 GL,24,2350,Active,2303,Active,1,8
032556 502,TREMCO #1 WHITE MARBLE AGGREGATE 3000#,29,829,Active,753,Active,0,8
032555 502,TREMCO #1 WHITE MARBLE AGGREGATE 50# BAG,29,17.75,Active,16.1,Active,0,8
2400700005P,TREMCO T24 COATING WHITE  5 GL,17,466,Active,456,Active,1,8
2400700053D,TREMCO T24 COATING WHITE  53 GL,24,4858,Active,4762,Active,1,8
032560 502,TREMCO/A1GRIT SNOW WHITE AGGR 80# BAG,29,20.6,Active,18.7,Active,0,8
032564 502,TREMCO/A1GRIT SNOW WHITE AGGR 2500#,29,469,Active,426,Active,0,8
350715 803,TREMFIX 3 GL,8,100,Active,98,Active,1,8
344620M805,TREMLASTIC S 5 GL,17,168,Active,164,Active,1,8
344620M853,TREMLASTIC S 53 GL LINED,25,1726,Active,1692,Active,1,8
022048 805,TREMPRIME LV 5 GL PL,17,189,Active,185,Active,1,8
022045A801,TREMPRIME Q.D. LOW ODOR 1 GL,1,46.1,Active,45.15,Active,1,8
022045A805,TREMPRIME Q.D. LOW ODOR 5 GL,17,181,Active,177,Active,1,8
022045A855,TREMPRIME Q.D. LOW ODOR 55 GL,26,1883,Active,1846,Active,1,8
022054 801,TREMPRIME WB 1 GL,1,43.95,Active,43.05,Active,1,8
022054 805,TREMPRIME WB 5 GL,17,168,Active,164,Active,1,8
022054 853,TREMPRIME WB 53 GL LINED,25,1686,Active,1652,Active,1,8
8761015 503,"TREMSEAL EJ - 1"" x 1.5"" BLACK - 8 ROLLS/CS",28,NULL,Removed,522,Active,1,8
8761520 503,"TREMSEAL EJ - 1.5"" x 2.0"" BLACK - 6 ROLLS/CS",28,NULL,Removed,749,Active,1,8
8762020 503,"TREMSEAL EJ - 2"" x 2"" BLACK - 6 ROLLS/CS",28,NULL,Removed,680,Active,1,8
876451 309,TREMSEAL PRO ALUMINUM STONE - 30 TUBES/CS,28,468,Active,458,Active,1,8
876452 309,TREMSEAL PRO BRONZE - 30 TUBES/CS,28,468,Active,458,Active,1,8
876454 309,TREMSEAL PRO BLACK - 30 TUBES/CS,28,468,Active,458,Active,1,8
876453 309,TREMSEAL PRO LIMESTONE - 30 TUBES/CS,28,468,Active,458,Active,1,8
876450 309,TREMSEAL PRO WHITE - 30 TUBES/CS,28,468,Active,458,Active,1,8
876451 385,TREMSEAL PRO ALUMINUM STONE 15 SSG/CS,28,NULL,Obsolete,NULL,Removed,1,8
876452 385,TREMSEAL PRO BRONZE 15 SSG/CS,28,NULL,Obsolete,NULL,Removed,1,8
876454 385,TREMSEAL PRO BLACK 15 SSG/CS,28,NULL,Obsolete,NULL,Removed,1,8
876450 385,TREMSEAL PRO WHITE 15 SSG/CS,28,NULL,Obsolete,NULL,Removed,1,8
876041 320,TREMSEAL S ALUMINUM STONE - 20 CTG  ,28,NULL,Obsolete,NULL,Removed,1,8
876044 320,TREMSEAL S BLACK - 20 CTG,28,NULL,Obsolete,NULL,Removed,1,8
876043 320,TREMSEAL S WHITE - 20 CTG,28,NULL,Obsolete,NULL,Removed,1,8
876041A320,TREMSEAL S ALUMINUM STONE - 20 CTG,28,429,Active,420,Active,1,8
876044A320,TREMSEAL S BLACK - 20 CTG,28,429,Active,420,Active,1,8
876043A320,TREMSEAL S WHITE - 20 CTG,28,429,Active,420,Active,1,8
RTPREKLEEN,ROOFTEC PREKLEEN  6 PINTS/CASE,28,88,Active,86,Active,1,10
RTPREKLEEN05,ROOFTEC PREKLEEN  5 GL,17,292,Active,286,Active,1,10
RTRENEW,ROOFTEC RENEW  5 GL PAIL,17,171,Active,167,Active,1,10
0362PM601,POWERPLY 2PM,33,NULL,Obsolete,NULL,Removed,1,9
036250FR601M,POWERPLY 250 FR,33,293,Active,273,Active,1,9
036250SM601M,POWERPLY 250 SMOOTH,33,293,Active,273,Active,1,9
036300FR601A,POWERPLY 300 FR - WHITE GRANULE,33,412,Active,385,Active,1,9
036300FSM601A,POWERPLY 300 SMOOTH,33,439,Active,410,Active,1,9
036APPBAS601,POWERPLY APP BASE SHEET,33,251,Active,234,Active,1,9
036APPFR601,POWERPLY APP FR,33,323,Active,301,Active,1,9
036APPSM601,POWERPLY APP SMOOTH,33,258,Active,241,Active,1,9
036E100FR601,POWERply ENDURE 100 FR,33,296,Active,246,Active,1,9
036E100SM601,POWERply ENDURE 100 SMOOTH,33,282,Active,235,Active,1,9
036E200FR601,POWERply ENDURE 200 FR,33,313,Active,284,Active,1,9
036E200SM601,POWERply ENDURE 200 SMOOTH,33,313,Active,284,Active,1,9
036E300FR601,POWERply ENDURE 300 FR,33,405,Active,367,Active,1,9
036E300SM601,POWERply ENDURE 300 SMOOTH,33,432,Active,391,Active,1,9
036E320FR601,POWERply ENDURE 320 FR,33,521,Active,486,Active,1,9
036E320SM601,POWERply ENDURE 320 SMOOTH,33,472,Active,441,Active,1,9
365420PK800,POWERPLY ENDURE BIO ADHESIVE TF 4 GL KIT,14,296,Active,276,Active,1,9
365420PK805,POWERPLY ENDURE BIO ADHESIVE TF 4 GL SET,15,296,Active,276,Active,1,9
0987846 501,POWERPLY GRANULES TAN 50 LB,29,102,Active,95,Active,1,9
008241UW805,POWERPLY GRANULES ULTRA-WHITE 50 LB,29,130,Active,121,Active,1,9
008241W805,POWERPLY GRANULES WHITE 50 LB,29,83,Active,77,Active,1,9
036HDSM601A,POWERPLY HEAVY DUTY BASE,33,202,Active,188,Active,1,9
036PLHTFR601A,POWERPLY PLUS HT FR - WHITE GRANULE,33,301,Active,259,Active,1,9
036PRFR601A,POWERPLY PREMIUM FR - WHITE GRANULE,33,562,Active,509,Active,1,9
036PRSM601A,POWERPLY PREMIUM SMOOTH,33,495,Active,462,Active,1,9
365200 805,POWERPLY RUBBERIZED COLD ADHESIVE 5 GL,17,193,Active,180,Active,1,9
365200 855,POWERPLY RUBBERIZED COLD ADHESIVE 53 GL,24,1964,Active,1835,Active,1,9
365200 853,POWERPLY RUBBERIZED COLD ADH 53 GL LINED,25,1998,Active,1867,Active,1,9
036BASHW 601,POWERPLY SBS BASE HW,33,471,Active,418,Active,1,9
036DXHW 601,POWERPLY SBS DELUXE HW,33,537,Active,477,Active,1,9
036STD601,POWERPLY STANDARD - WHITE GRANULE,33,148,Active,123,Active,1,9
036STDFR601,POWERPLY STANDARD FR - WHITE GRANULE,33,220,Active,196,Active,1,9
036BSTDFR601,POWERPLY STANDARD FR - BLACK GRANULE,33,220,Active,196,Active,1,9
036TSTDFR601,POWERPLY STANDARD FR - TAN GRANULE,33,220,Active,196,Active,1,9
036STDGT24HW601M,POWERPLY STANDARD FR GT24 HW,33,NULL,Removed,349,Active,1,9
036STDGT24601M,POWERPLY STANDARD FR GT24W,33,NULL,Removed,346,Active,1,9
036STDFRHW601M,POWERPLY STANDARD FR HW,33,242,Active,226,Active,1,9
036STSMHW601M,POWERPLY STANDARD SMOOTH HW,33,214,Active,178,Active,1,9
036STSM601,POWERPLY STANDARD SMOOTH,33,192,Active,160,Active,1,9
365170 805,POWERPLY STD COLD ADHESIVE 5 GL,17,131,Active,122,Active,1,9
365170 851,POWERPLY STD COLD ADHESIVE 50 GL LINED,21,1255,Active,1172,Active,1,9
365170 850,POWERPLY STD COLD ADHESIVE 50 GL UNLINED,20,1218,Active,1138,Active,1,9
365310 805M,POWERPLY COLD ADHESIVE SI 4.7 GL,16,182,Active,170,Active,1,9
365310 850M,POWERPLY COLD ADHESIVE SI 53 GL UNLINED,24,2012,Active,1880,Active,1,9
876300 304,TREMCO LF ADHESIVE,28,472,Active,462,Active,1,9
360700 803,ALUMINUM MASTIC 3 GL,8,182,Active,178,Active,1,1
360650 803,BRUSH GRADE MASTIC 3 GL,8,164,Active,160,Active,1,1
364560U805,BURMASTIC ADHESIVE 5 GL,17,217,Active,202,Active,1,1
364560U851,BURMASTIC ADHESIVE 50 GL LINED,21,2098,Active,1960,Active,1,1
364525 805,BURMASTIC ADHESIVE AF -  5 GL,17,NULL,Obsolete,NULL,Removed,1,1
364525 855,BURMASTIC ADHESIVE AF 53 GL UNLINED,24,NULL,Obsolete,NULL,Removed,1,1
364556U805,BURMASTIC ADHESIVE GREEN 5 GL,17,NULL,Obsolete,NULL,Removed,1,1
364556U851,BURMASTIC ADHESIVE GREEN 50 GL LINED,21,NULL,Obsolete,NULL,Removed,1,1
364560U850,BURMASTIC ADHESIVE 50 GL UNLINED,20,2019,Active,1886,Active,1,1
365750 805H,BURMASTIC ADHESIVE MC 5 GL,17,450,Active,420,Active,1,1
365700 805L,BURMASTIC ADHESIVE SF 5 GL,17,450,Active,420,Active,1,1
108850 601,BURMASTIC COMPOSITE PLY HT GREEN,33,269,Active,251,Active,1,1
108800 601,BURMASTIC COMPOSITE PLY HT,33,232,Active,216,Active,1,1
108165 601,BURMASTIC COMPOSITE PLY PREMIUM,33,295,Active,267,Active,1,1
361800 805H,BURMASTIC FLASHING ADHESIVE MC 5 GL,29,671,Active,627,Active,1,1
347028 601,BURMASTIC GLASS PLY 28 LB,33,137,Active,101,Active,1,1
108175 601,BURMASTIC SUPREME COMPOSITE PLY,33,NULL,Obsolete,NULL,Removed,1,1
008155 601,BURMASTIC GLASS PLY 33 LB,33,123,Active,102,Active,1,1
004154U503,"BURMESH 4"" X 300'",33,79,Active,77,Active,1,1
004140G503,"BURMESH 6"" X 300'           (US Only)",33,117,Active,114,Active,1,1
004141U503,"BURMESH 12"" X 300'         (US Only)",33,219,Active,214,Active,1,1
004142U503,"BURMESH 36"" X 300'           (US Only)",33,651,Active,638,Active,1,1
362500 805L,FAS-N-FREE ADHESIVE 5 GL,17,NULL,Obsolete,NULL,Removed,1,1
362305 501,LOW RISE FOAM  BATTERY CARTRIDGE GUN 1.5L,29,1403,Active,1375,Active,0,1
362301 501,LOW RISE FOAM CYCLONE ADHESIVE PUMP CART,29,10637,Active,10428,Active,0,1
362309 501,LOW RISE FOAM CYCLONE THREADED NOZZLE TIPS,28,28.95,Active,28.35,Active,0,1
362300K410,LOW RISE FOAM INSUL ADH BG 10 GL KIT,3,1714,Active,1648,Active,1,1
362300K430,LOW RISE FOAM INSUL ADH BG 30 GL KIT,11,4347,Active,4179,Active,1,1
362300K4100,LOW RISE FOAM INSUL ADH BG 100 GL KIT,4,11655,Active,11206,Active,1,1
362300G304,LOW RISE FOAM INSULATION ADHESIVE GREEN 4/CS,28,577,Active,554,Active,1,1
362300 304,LOW RISE FOAM INSULATION ADHESIVE 4/CS,28,442,Active,425,Active,1,1
362307 501,LOW RISE FOAM MULTI BEAD APPLICATOR PLUS,29,9914,Active,9719,Active,0,1
362306 501,LOW RISE FOAM MULTI BEAD APPLICATOR,29,5865,Active,5750,Active,0,1
362304 501,LOW RISE FOAM PNEUMATIC CARTRIDGE GUN 1.5L,29,1087,Active,1065,Active,0,1
974805R333,PERMAROOF GWS LIMESTONE 12 TUBES/CASE,28,621,Active,608,Active,1,1
361591 020,POLYROOF LV  1 QT,2,NULL,Removed,45.15,Active,1,1
361591 803,POLYROOF LV 3 GL,8,348,Active,341,Active,1,1
361591 805,POLYROOF LV 5 GL,17,569,Active,557,Active,1,1
361591 145,POLYROOF LV 6 X 946 ML,28,NULL,Removed,251,Active,1,1
361591C145,POLYROOF LV 6 QT/CASE,28,257,Active,251,Active,1,1
361597 803L,POLYROOF SF 3 GL,8,0,Active,376,Active,1,1
010106 503,"POLYTHERM FLASHING 6"" X  318'",33,164,Active,151,Active,1,1
010113 503,"POLYTHERM FLASHING 13"" X 318'",33,254,Active,235,Active,1,1
010120 503,"POLYTHERM FLASHING  20"" X 318'",33,373,Active,345,Active,1,1
005090 503,"POLYTHERM ROOFING PLY 39.75"" X 318'",33,674,Active,624,Active,1,1
372000B501,PREMIUM III ASPHALT - PAK FREE,32,3369,Active,3148,Active,1,1
372000 508,PREMIUM III ASPHALT BULK,34,2698,Active,2521,Active,1,1
372000 501,PREMIUM III ASPHALT CARTON,29,140,Active,130,Active,1,1
372004B501,PREMIUM IV ASPHALT - PAK FREE,32,3369,Active,3148,Active,1,1
372004 508,PREMIUM IV ASPHALT BULK,34,2698,Active,2521,Active,1,1
372004 501 ,PREMIUM IV ASPHALT CARTON,29,140,Active,130,Active,1,1
361582 803,SHEETING BOND BLACK 3 GL,8,304,Active,298,Active,1,1
361582 805,SHEETING BOND BLACK 5 GL,17,492,Active,482,Active,1,1
046505 805,SHEETING BOND WHITE 5 GL,17,492,Active,482,Active,1,1
371850 495,THERMASTIC 100,32,3108,Active,2904,Active,1,1
371800 495,THERMASTIC 80 ADHESIVE,32,1530,Active,1429,Active,1,1
014120 503M,THERMGLASS PREMIUM TYPE VI,33,204,Active,151,Active,1,1
014118 503M,THERMGLASS TYPE IV,33,152,Active,112,Active,1,1
048012 503,"TRA ELASTOMERIC SHEETING BLK 12"" X 50'",33,315,Active,294,Active,1,1
048018 503,"TRA ELASTOMERIC SHEETING BLK 18"" X 50'",33,475,Active,443,Active,1,1
048024 503,"TRA ELASTOMERIC SHEETING BLK 24"" X 50'",33,628,Active,586,Active,1,1
048036 503,"TRA ELASTOMERIC SHEETING BLK 36"" X 50'",33,943,Active,880,Active,1,1
048020 503,"TRA ELASTOMERIC SHEETING BLK 20"" X 50'",33,525,Active,490,Active,1,1
048030 503,"TRA ELASTOMERIC SHEETING BLK 30"" X 50'",33,788,Active,735,Active,1,1
048105 503,"TRA ELASTOMERIC SHEETING BLK 60"" X 100'",33,3129,Active,2921,Active,1,1
036236 601,"TREMCO AVC MEMBRANE 36"" X 75' ROLL",33,401,Active,385,Active,1,1
036AVCMAX601M,"TREMCO AVC MAX 39-3/8"" x 105'",33,643,Active,618,Active,1,1
022006 805,TREMCO AVC MEMBRANE PRIMER 5 GL,17,420,Active,411,Active,1,1
022005 805,TREMCO AVC PRIMER WB 5 GL,17,420,Active,411,Active,1,1
046918 660,"TREMFLASH TAPE GRAY 1/8"" X 1"" 600FT/CS",28,725,Active,710,Active,1,1
351506 805,TREM-LAR LRM - H 5 GL,17,NULL,Obsolete,NULL,Removed,1,1
351507 803,TREM-LAR LRM - V 3 GL,8,NULL,Obsolete,NULL,Removed,1,1
351506M805,TREM-LAR LRM - H 5 GL,17,439,Active,430,Active,1,1
351507M803,TREM-LAR LRM - V 3 GL,8,266,Active,260,Active,1,1
876210 304,TREMSEAL PITCH POCKET SEALER 4/CS,28,398,Active,390,Active,1,1
009190 501,TREMTRED WALKWAY PANEL 3' x 4',29,70,Active,68,Active,1,1
009PTWP501,"PEBBLE TREAD WALKPAD 3' X 4' X 3/4""",29,91,Active,89,Active,1,1
0695781 801,EPDM - TPO LV SINGLE PLY PRIMER 1 GL,1,136,Active,130,Active,1,11
0690553EU06,"EPDM FLASHING UNCURED TAPE 6""X100' 2/CS",28,1231,Active,1206,Active,1,11
0690553EU09,"EPDM FLASHING UNCURED TAPE 9""X50' 2/CS",28,808,Active,792,Active,1,11
0690553EU12,"EPDM FLASHING UNCURED TAPE 12""X50'",33,542,Active,531,Active,1,11
0690911EU06,"EPDM SEMI-CURED COVER TAPE 6""X100' 2/CS",28,1176,Active,1152,Active,1,11
0690911EU09,"EPDM SEMI-CURED COVER TAPE 9""X100'",33,742,Active,727,Active,1,11
0690911EU12,"EPDM SEMI-CURED COVER TAPE 12""X50'",33,482,Active,472,Active,1,11
362310BG410,TREMCO LR ADHESIVE 10 GL KIT,3,1538,Active,1507,Active,1,11
362310C304,TREMCO LR ADHESIVE 4 SETS/CASE,28,397,Active,389,Active,1,11
0690304 309,TREMCO WATER BLOCK SEALANT 10.3 OZ-30/CS,28,246,Active,241,Active,1,11
505240A 503,"TPA 45 MIL COVER STRIP 6"" x 108'",33,341,Active,318,Active,1,13
505345 503,"TPA 45 MIL FIELD SHEET 78"" X 108'",33,2723,Active,2544,Active,1,13
505345G503,"TPA 45 MIL FIELD SHEET 78"" X 108' GRAY",33,2723,Active,2544,Active,1,13
505345T 503,"TPA 45 MIL FIELD SHEET 78"" X 108' TAN",33,2723,Active,2544,Active,1,13
505310 503,"TPA 45 MIL FIELD 120"" x 100'",33,3865,Active,3612,Active,1,13
505310G503,"TPA 45 MIL FIELD 120"" x 100' GRAY",33,3865,Active,3612,Active,1,13
505310T503,"TPA 45 MIL FIELD 120"" x 100' TAN",33,3865,Active,3612,Active,1,13
505312 503,"TPA 45 MIL FLASHING 12"" X 50'",33,280,Active,261,Active,1,13
505324 503,"TPA 45 MIL FLASHING 24"" X 50'",33,552,Active,515,Active,1,13
505324G503,"TPA 45 MIL FLASHING 24"" X 50' GRAY",33,552,Active,515,Active,1,13
505324T 503,"TPA 45 MIL FLASHING 24"" X 50' TAN",33,552,Active,515,Active,1,13
505330 503,"TPA 45 MIL FLASHING 30"" X 50'",33,687,Active,642,Active,1,13
505445 503,"TPA 45 MIL FLEECE BACK 76"" X 90'",33,2817,Active,2632,Active,1,13
505445G 503,"TPA 45 MIL FLEECE BACK 76"" X 90' GRAY",33,2817,Active,2632,Active,1,13
505445T 503,"TPA 45 MIL FLEECE BACK 76"" X 90' TAN",33,2817,Active,2632,Active,1,13
505247 503,"TPA 45 MIL PERIMETER SHEET 39"" X 108'",33,1364,Active,1274,Active,1,13
505247G503,"TPA 45 MIL PERIMETER SHEET 39"" X 108' GRAY",33,1364,Active,1274,Active,1,13
505247T503,"TPA 45 MIL PERIMETER SHEET 39"" X 108' TAN",33,1364,Active,1274,Active,1,13
505255 503,"TPA 55 MIL UNREINFORCD 24"" X 30'",33,763,Active,713,Active,1,13
505255G503,"TPA 55 MIL UNREINFORCD 24"" X 30' GRAY",33,763,Active,713,Active,1,13
505255WG503,"TPA 55 MIL UNREINFORCD 24"" X 30' WHT/GRY",33,763,Active,NULL,Active,1,13
505255T503,"TPA 55 MIL UNREINFORCD 24"" X 30' TAN",33,763,Active,713,Active,1,13
505360 503,"TPA 60 MIL FIELD SHEET 78"" X 90'",33,3298,Active,3082,Active,1,13
505360G503,"TPA 60 MIL FIELD SHEET 78"" X 90' GRAY",33,3298,Active,3082,Active,1,13
505360T503,"TPA 60 MIL FIELD SHEET 78"" X 90' TAN",33,3298,Active,3082,Active,1,13
505610 503,"TPA 60 MIL FIELD SHEET 120"" x 100'",33,5636,Active,5267,Active,1,13
505610G503,"TPA 60 MIL FIELD SHEET 120"" x 100' GRAY",33,5636,Active,5267,Active,1,13
505610T503,"TPA 60 MIL FIELD SHEET 120"" x 100' TAN",33,5636,Active,5267,Active,1,13
505460 503,"TPA 60 MIL FLEECE BACK 76"" X 90'",33,3373,Active,3152,Active,1,13
505460G503,"TPA 60 MIL FLEECE BACK 76"" X 90' GRAY",33,3373,Active,3152,Active,1,13
505460T503,"TPA 60 MIL FLEECE BACK 76"" X 90' TAN",33,3373,Active,3152,Active,1,13
505262 503,"TPA 60 MIL PERIMETER SHEET 39"" X 90'",33,1655,Active,1546,Active,1,13
505262G503,"TPA 60 MIL PERIMETER SHEET 39"" X 90' GRAY",33,1655,Active,1546,Active,1,13
505262T503,"TPA 60 MIL PERIMETER SHEET 39"" X 90' TAN",33,1655,Active,1546,Active,1,13
505380 503,"TPA 80 MIL FIELD SHEET 78"" X 75'",33,3419,Active,3195,Active,1,13
505810 503,"TPA 80 MIL FIELD SHEET 120"" x 75'",33,5250,Active,4906,Active,1,13
505480 501,"TPA 80 MIL FLEECED BACK 76"" X 75'",33,3859,Active,3606,Active,1,13
505282 503,"TPA 80 MIL PERIMETER SHEET 39"" X 75'",33,1712,Active,1600,Active,1,13
505215 501,TPA ACCESSORY LARGE BOOTS 10/CS,28,1115,Active,1042,Active,1,13
505215T 501,TPA ACCESSORY LARGE BOOTS TAN 10/CS,28,1115,Active,1042,Active,1,13
505210 501,TPA ACCESSORY SMALL BOOTS 10/CS,28,981,Active,916,Active,1,13
505210T 501,TPA ACCESSORY SMALL BOOTS TAN 10/CS,28,981,Active,916,Active,1,13
505230C503,TREMPLY KEE/TPA COATED METAL 4' x 10',29,578,Active,555,Active,1,13
505420 805,TREMCO FB WB SINGLE PLY BONDING ADH 5 GL,17,662,Active,618,Active,1,13
505410 805,TPA LV SINGLE PLY BONDING ADHESIVE 5 GL,17,680,Active,635,Active,1,13
505400 805,TPA BONDING ADHESIVE 5 GL,17,662,Active,618,Active,1,13
505220 503,TPA UNIVERSAL CORNERS WHITE/GRAY 20/CS,28,470,Active,439,Active,1,13
505220T503,TPA UNIVERSAL CORNERS TAN 20/CS,28,470,Active,439,Active,1,13
505415 503,TPA WALKWAY ROLL 72 MIL GRAY 3' x 60',33,1358,Active,1269,Active,1,13
505417 503,TPA WALKWAY ROLL SAFETY YELLOW 3' x 60',33,1884,Active,1760,Active,1,13
8533245 503,"TREMPLY KEE 45 MIL 37"" x 100'",33,1240,Active,1192,Active,1,14
8533245G503,"TREMPLY KEE 45 MIL 37"" x 100' GRAY",33,1240,Active,1192,Active,1,14
8533245T503,"TREMPLY KEE 45 MIL 37"" x 100' TAN",33,1240,Active,1192,Active,1,14
8533645 503,"TREMPLY KEE 45 MIL 74"" x 100'",33,2475,Active,2379,Active,1,14
8533645G503,"TREMPLY KEE 45 MIL 74"" x 100' GRAY",33,2475,Active,2379,Active,1,14
8533645T503,"TREMPLY KEE 45 MIL 74"" x 100' TAN",33,2475,Active,2379,Active,1,14
8533945 503,"TREMPLY KEE 45 MIL 100"" x 100'",33,3337,Active,3208,Active,1,14
8533945G503,"TREMPLY KEE 45 MIL 100"" x 100' GRAY",33,3337,Active,3208,Active,1,14
8533545 503,"TREMPLY KEE 45 MIL 50"" x 100'",33,1785,Active,1716,Active,1,14
8533545G503,"TREMPLY KEE 45 MIL 50"" x 100' GRAY",33,1785,Active,1716,Active,1,14
8533260 503,"TREMPLY KEE 60 MIL 37"" x 80'",33,1446,Active,1390,Active,1,14
8533260G503,"TREMPLY KEE 60 MIL 37"" x 80' GRAY",33,1446,Active,1390,Active,1,14
8533260T503,"TREMPLY KEE 60 MIL 37"" x 80' TAN",33,1446,Active,1390,Active,1,14
8533660 503,"TREMPLY KEE 60 MIL 74"" x 80'",33,2882,Active,2771,Active,1,14
8533660G503,"TREMPLY KEE 60 MIL 74"" x 80' GRAY",33,2882,Active,2771,Active,1,14
8533660T503,"TREMPLY KEE 60 MIL 74"" x 80' TAN",33,2882,Active,2771,Active,1,14
8533160 503,"TREMPLY KEE 60 MIL NON-REINF 24"" x 50'",33,1291,Active,1241,Active,1,14
8533160G503,"TREMPLY KEE 60 MIL NON-REINF 24"" x 50' GRY",33,1291,Active,1241,Active,1,14
8533160T503,"TREMPLY KEE 60 MIL NON-REINF 24"" x 50' TAN",33,1291,Active,1241,Active,1,14
8533645FB503,"TREMPLY KEE FB 45 MIL 72"" x 80'",33,2370,Active,2278,Active,1,14
8533645FBG503,"TREMPLY KEE FB 45 MIL 72"" x 80' GRAY",33,2370,Active,2278,Active,1,14
8533645FBT503,"TREMPLY KEE FB 45 MIL 72"" x 80' TAN",33,2370,Active,2278,Active,1,14
8533660FB503,"TREMPLY KEE FB 60 MIL 72"" x 80'",33,2998,Active,2725,Active,1,14
8533660FBG503,"TREMPLY KEE FB 60 MIL 72"" x 80' GRAY",33,2998,Active,2725,Active,1,14
8533660FBT503,"TREMPLY KEE FB 60 MIL 72"" x 80' TAN",33,2998,Active,2725,Active,1,14
8533233 805,TREMPLY KEE FB BONDING ADHESIVE 5 GL,29,629,Active,604,Active,1,14
8533222 805,TREMPLY KEE FB WB II BONDING ADHESIVE 5 GL,29,568,Active,546,Active,1,14
8533200 805,TREMPLY KEE LV BONDING ADHESIVE 5 GL,29,601,Active,577,Active,1,14
8533110 501,"TREMPLY KEE PIPE FLASHING 1""-6"" 8/CS",28,614,Active,590,Active,1,14
8533110G501,"TREMPLY KEE PIPE FLASHING 1""-6"" 8/CS GRY",28,614,Active,590,Active,1,14
8533110T501,"TREMPLY KEE PIPE FLASHING 1""-6"" 8/CS TAN",28,614,Active,590,Active,1,14
8533250A502,TREMPLY KEE PLUS STRESS PLATE 500/CS,28,390,Active,NULL,Active,0,14
505230C503,TREMPLY KEE/TPA COATED METAL 4' x 10',29,578,Active,555,Active,1,14
8533150 503,"TREMPLY KEE PROTECTION MAT 0.080""x28""x43'",33,NULL,Removed,1283,Active,1,14
8533145 503,"TREMPLY KEE PROTECT WALKWAY 30""x100' YLW",33,3950,New,NULL,NULL,1,14
8533140 503,"TREMPLY KEE WALKWAY 5/32""x30""x50' YLW",33,NULL,Removed,2075,Active,1,14
8533140G503,"TREMPLY KEE WALKWAY 5/32""x30""x50' GRAY",33,NULL,Removed,2075,Active,1,14
8533180 501,"TREMPLY KEE STRIP-IN 6"" x 100'",33,387,Active,372,Active,1,14
8533180G501,"TREMPLY KEE STRIP-IN 6"" x 100' GRAY",33,387,Active,372,Active,1,14
8533180T501,"TREMPLY KEE STRIP-IN 6"" x 100'TAN",33,387,Active,372,Active,1,14
8533170 501,TREMPLY KEE T-JOINT COVERS 100/CS,28,321,Active,308,Active,1,14
8533170G501,TREMPLY KEE T-JOINT COVERS GRAY 100/CS,28,321,Active,308,Active,1,14
8533170T501,TREMPLY KEE T-JOINT COVERS TAN 100/CS,28,321,Active,308,Active,1,14
8533120 501,TREMPLY KEE UNIVERSAL CORNERS 20/CS,28,435,Active,418,Active,1,14
8533120G501,TREMPLY KEE UNIVERSAL CORNERS 20/CS GRY,28,435,Active,418,Active,1,14
8533120T501,TREMPLY KEE UNIVERSAL CORNERS 20/CS TAN,28,435,Active,418,Active,1,14
423550M503,"TREMPLY MAX TPO 50 MIL 60"" X 100'",33,1471,Active,1279,Active,1,15
423150M503,"TREMPLY MAX TPO 50 MIL 120"" X 100'",33,2934,Active,2551,Active,1,15
423560M503,"TREMPLY MAX TPO 60 MIL 60"" X 100'",33,2113,Active,1837,Active,1,15
423160M503,"TREMPLY MAX TPO 60 MIL 120"" X 100'",33,4224,Active,3673,Active,1,15
423570M503,"TREMPLY MAX TPO 70 MIL 60"" X 100'",33,2391,Active,2079,Active,1,15
423170M503,"TREMPLY MAX TPO 70 MIL 120"" X 100'",33,4780,Active,4156,Active,1,15
423580M503,"TREMPLY MAX TPO 80 MIL 60"" X 100'",33,3317,Active,2884,Active,1,15
423180M503,"TREMPLY MAX TPO 80 MIL 120"" X 100'",33,6624,Active,5760,Active,1,15
423220M503,"TREMPLY MAX TPO DETAILING MEMBRANE 24"" x 50'",33,1941,Active,1687,Active,1,15
423550MFB503,"TREMPLY MAX TPO FB 50 MIL 60"" X 100'",33,2436,Active,2118,Active,1,15
423150MFB503,"TREMPLY MAX TPO FB 50 MIL 120"" X 100'",33,4868,Active,4233,Active,1,15
423560MFB503,"TREMPLY MAX TPO FB 60 MIL 60"" X 100'",33,2993,Active,2602,Active,1,15
423160MFB503,"TREMPLY MAX TPO FB 60 MIL 120"" X 100'",33,5980,Active,5200,Active,1,15
423570MFB503,"TREMPLY MAX TPO FB 70 MIL 60"" X 50'",33,1631,Active,1418,Active,1,15
423170MFB503,"TREMPLY MAX TPO FB 70 MIL 120"" X 50'",33,3255,Active,2830,Active,1,15
423580MFB503,"TREMPLY MAX TPO FB 80 MIL 60"" X 50'",33,2027,Active,1762,Active,1,15
423180MFB503,"TREMPLY MAX TPO FB 80 MIL 120"" X 50'",33,4046,Active,3518,Active,1,15
423145 503,"TREMPLY TPO 45 MIL  120"" X 100'",33,2035,Active,1769,Active,1,15
423145G503,"TREMPLY TPO 45 MIL  120"" X 100' GRAY",33,2035,Active,1769,Active,1,15
423145T503,"TREMPLY TPO 45 MIL  120"" X 100' TAN",33,2035,Active,1769,Active,1,15
423545 503,"TREMPLY TPO 45 MIL  60"" X 100'",33,1022,Active,888,Active,1,15
423545G503,"TREMPLY TPO 45 MIL  60"" X 100' GRAY",33,1022,Active,888,Active,1,15
423545T503,"TREMPLY TPO 45 MIL  60"" X 100' TAN",33,1022,Active,888,Active,1,15
423160 503,"TREMPLY TPO 60 MIL  120"" X 100'",33,2548,Active,2215,Active,1,15
423160G503,"TREMPLY TPO 60 MIL  120"" X 100' GRAY",33,2548,Active,2215,Active,1,15
423160T503,"TREMPLY TPO 60 MIL  120"" X 100' TAN",33,2548,Active,2215,Active,1,15
423560 503,"TREMPLY TPO 60 MIL  60"" X 100'",33,1275,Active,1108,Active,1,15
423560G503,"TREMPLY TPO 60 MIL  60"" X 100' GRAY",33,1275,Active,1108,Active,1,15
423560T503,"TREMPLY TPO 60 MIL  60"" X 100' TAN",33,1275,Active,1108,Active,1,15
423180 503,"TREMPLY TPO 80 MIL  120"" X 100'",33,4373,Active,3802,Active,1,15
423180G503,"TREMPLY TPO 80 MIL  120"" X 100' GRAY",33,4373,Active,3802,Active,1,15
423180T503,"TREMPLY TPO 80 MIL  120"" X 100' TAN",33,4373,Active,3802,Active,1,15
423580 503,"TREMPLY TPO 80 MIL  60"" X 100'",33,2188,Active,1902,Active,1,15
423580G503,"TREMPLY TPO 80 MIL  60"" X 100' GRAY",33,2188,Active,1902,Active,1,15
423580T503,"TREMPLY TPO 80 MIL  60"" X 100' TAN",33,2188,Active,1902,Active,1,15
423145FB503,"TREMPLY TPO FB 45 MIL  120"" X 100'",33,2769,Active,2407,Active,1,15
423145FBG503,"TREMPLY TPO FB 45 MIL  120"" X 100' GRAY",33,2769,Active,2407,Active,1,15
423145FBT503,"TREMPLY TPO FB 45 MIL  120"" X 100' TAN",33,2769,Active,2407,Active,1,15
423545FB503,"TREMPLY TPO FB 45 MIL  60"" X 100'",33,1389,Active,1207,Active,1,15
423545FBG503,"TREMPLY TPO FB 45 MIL  60"" X 100' GRAY",33,1389,Active,1207,Active,1,15
423545FBT503,"TREMPLY TPO FB 45 MIL  60"" X 100' TAN",33,1389,Active,1207,Active,1,15
423160FB503,"TREMPLY TPO FB 60 MIL  120"" X 100'",33,3317,Active,2884,Active,1,15
423160FBG503,"TREMPLY TPO FB 60 MIL  120"" X 100' GRAY",33,3317,Active,2884,Active,1,15
423160FBT503,"TREMPLY TPO FB 60 MIL  120"" X 100' TAN",33,3317,Active,2884,Active,1,15
423560FB503,"TREMPLY TPO FB 60 MIL  60"" X 100'",33,1662,Active,1445,Active,1,15
423560FBG503,"TREMPLY TPO FB 60 MIL  60"" X 100' GRAY",33,1662,Active,1445,Active,1,15
423560FBT503,"TREMPLY TPO FB 60 MIL  60"" X 100' TAN",33,1662,Active,1445,Active,1,15
423180FB503,"TREMPLY TPO FB 80 MIL  120"" X 50'",33,2498,Active,2172,Active,1,15
423180FBG503,"TREMPLY TPO FB 80 MIL  120"" X 50' GRAY",33,2498,Active,2172,Active,1,15
423180FBT503,"TREMPLY TPO FB 80 MIL  120"" X 50' TAN",33,2498,Active,2172,Active,1,15
423580FB503,"TREMPLY TPO FB 80 MIL  60"" X 50'",33,1251,Active,1087,Active,1,15
423580FBG503,"TREMPLY TPO FB 80 MIL  60"" X 50' GRAY",33,1251,Active,1087,Active,1,15
423580FBT503,"TREMPLY TPO FB 80 MIL  60"" X 50' TAN",33,1251,Active,1087,Active,1,15
423300 805,TREMPLY TPO BONDING ADHESIVE 5 GL,17,743,Active,646,Active,1,15
423310 805,TREMPLY TPO BONDING ADHESIVE LV3 5 GL,17,611,Active,531,Active,1,15
423320 805,TREMPLY TPO LV BONDING ADHESIVE 5 GL,17,611,Active,531,Active,1,15
423400 805,TREMPLY TPO WB BONDING ADHESIVE 5 GL,17,655,Active,569,Active,1,15
423330 501,TREMPLY TPO COATED METAL 4'x10' WHITE,29,541,Active,470,Active,1,15
423200 501,"TREMPLY TPO COVER TAPE 6""x100' 2/CS",28,2496,Active,2170,Active,1,15
423210 501,"TREMPLY TPO COVER TAPE HW 6"" 2/CS",28,2185,Active,1900,Active,1,15
423210G501,"TREMPLY TPO COVER TAPE HW 6"" 2/CS GRAY",28,2185,Active,1900,Active,1,15
423210T501,"TREMPLY TPO COVER TAPE HW 6"" 2/CS TAN",28,2185,Active,1900,Active,1,15
423290 503,TREMPLY TPO FLASHING STRIP,33,585,Active,508,Active,1,15
423290G503,TREMPLY TPO FLASHING STRIP GRAY,33,585,Active,508,Active,1,15
423290T503,TREMPLY TPO FLASHING STRIP TAN,33,585,Active,508,Active,1,15
423220 503,"TREMPLY TPO DETAILING MEMBRANE 24""x50'",33,796,Active,692,Active,1,15
423220G503,"TREMPLY TPO DETAILING MEMBRANE 24""x50' GRAY",33,846,Active,735,Active,1,15
423220T503,"TREMPLY TPO DETAILING MEMBRANE 24""x50' TAN",33,846,Active,735,Active,1,15
423230 501,TREMPLY TPO FLUTED CORNERS 20/CS,28,NULL,Obsolete,NULL,Removed,1,15
423340 501,"TREMPLY TPO RTA STRIP 6"" x 100' 2/CS (White ONLY)",28,2294,Active,1994,Active,1,15
423212 501,"TREMPLY TPO SPLIT PIPE BOOTS - 1""-2"" 6/CS",28,272,Active,236,Active,1,15
423212G501,"TREMPLY TPO SPLIT PIPE BOOTS - 1""-2"" 6/CS GRAY",28,272,Active,236,Active,1,15
423212T501,"TREMPLY TPO SPLIT PIPE BOOTS - 1""-2"" 6/CS TAN",28,272,Active,236,Active,1,15
423235 501,"TREMPLY TPO SPLIT PIPE BOOTS - 3""-5"" 6/CS",28,286,Active,248,Active,1,15
423235G501,"TREMPLY TPO SPLIT PIPE BOOTS - 3""-5"" 6/CS GRAY",28,286,Active,248,Active,1,15
423235T501,"TREMPLY TPO SPLIT PIPE BOOTS - 3""-5"" 6/CS TAN",28,286,Active,248,Active,1,15
423268 501,"TREMPLY TPO SPLIT PIPE BOOTS - 6""-8"" 6/CS",28,511,Active,444,Active,1,15
423268G501,"TREMPLY TPO SPLIT PIPE BOOTS - 6""-8"" 6/CS GRAY",28,511,Active,444,Active,1,15
423268T501,"TREMPLY TPO SPLIT PIPE BOOTS - 6""-8"" 6/CS TAN",28,511,Active,444,Active,1,15
4232911 501,"TREMPLY TPO SPLIT PIPE BOOTS - 9""-11"" 6/CS",28,605,Active,526,Active,1,15
4232911G501,"TREMPLY TPO SPLIT PIPE BOOTS - 9""-11"" 6/CS GRAY",28,605,Active,526,Active,1,15
4232911T501,"TREMPLY TPO SPLIT PIPE BOOTS - 9""-11"" 6/CS TAN",28,605,Active,526,Active,1,15
423244 501,"TREMPLY TPO SQUARE TUBE WRAP - 4""X4"" 6/CS",28,600,Active,521,Active,1,15
423246 501,"TREMPLY TPO SQUARE TUBE WRAP - 4""X6"" 6/CS",28,620,Active,539,Active,1,15
423266 501,"TREMPLY TPO SQUARE TUBE WRAP - 6""X6"" 6/CS",28,651,Active,566,Active,1,15
423260 501,TREMPLY TPO T-JOINT CP 100/CS,28,450,Active,391,Active,1,15
423270 501,TREMPLY TPO UNIVERSAL CORNERS 20/CS,28,709,Active,616,Active,1,15
423280 501,"TREMPLY TPO VENT BOOTS 1""-6"" 6/CS",28,886,Active,770,Active,1,15
423380 503,TREMPLY TPO WALKWAY ROLL GRAY,33,1508,Active,1311,Active,1,15
423390 503,TREMPLY TPO WALKWAY ROLL SAFETY YELLOW,33,1481,Active,1287,Active,1,15
48273S6010,KNOVI SMARTDRAIN,29,600,Active,600,Active,0,7
48273S6030,KNOVI GATEWAY,29,500,Active,500,Active,0,7
48273S6022,KNOVI INTRO EQUIPMENT PACKAGE,31,3000,Active,3000,Active,0,7
48273S6070,KNOVI ANTENNA,29,165,Active,165,Active,0,7
48273S1000,KNOVI 1 YEAR MONITORING,29,2150,Active,2150,Active,0,7
48273S2000,KNOVI 2  YEAR MONITORING,29,3900,Active,3900,Active,0,7
48273S3000,KNOVI 3  YEAR MONITORING,29,5500,Active,5500,Active,0,7
FG5041210,"FG HATCH GUARD 30-36""x30-54""/GATE YLW FRP",29,3184,Active,3061,Active,0,4
FG5041212,"FG HATCH GUARD 30-36""x30-54""/GATE GRAY FRP",29,3184,Active,3061,Active,0,4
FG5041410,"FG HATCH GUARD 42-48""x42-60""/GATE YLW FRP",29,3705,Active,3562,Active,0,4
FG5041412,"FG HATCH GUARD 42-48""x42-60""/GATE GRAY FRP",29,3705,Active,3562,Active,0,4
FG5041310,"FG HATCH GUARD 30-36x96-114""/GATE YLW FRP",29,3773,Active,3627,Active,0,4
FG5041312,"FG HATCH GUARD 30-36x96-114""/GATE GRAY FRP",29,3773,Active,3627,Active,0,4
FG505240.1,"FG 24"" SAFETY GATE YELLOW KIT",29,622,Active,598,Active,0,4
FG505242.1,"FG 24"" SAFETY GATE GRAY KIT",29,622,Active,598,Active,0,4
FG505300.1,"FG 30"" SAFETY GATE YELLOW KIT",29,622,Active,598,Active,0,4
FG505302.1,"FG 30"" SAFETY GATE GRAY KIT",29,622,Active,598,Active,0,4
FG505360.1,"FG 36"" SAFETY GATE YELLOW KIT",29,622,Active,598,Active,0,4
FG505362.1,"FG 36"" SAFETY GATE GRAY KIT",29,622,Active,598,Active,0,4
FG793105,FG DYNAWEIGHT FALL PROTECTION SYSTEM,29,8357,Active,8035,Active,0,4
FG793106,FG TRANSPORT CART,29,3982,Active,3828,Active,0,4
FG5041800,FG SLIMLINE WARNING LINE KIT HD YELLOW,29,5635,Active,5418,Active,0,4
FG5041802,FG SLIMLINE WARNING LINE KIT HD GRAY,29,5635,Active,5418,Active,0,4
FG5041810,FG SLIMLINE WARNING LINE YELLOW BASE KIT,29,1159,Active,1114,Active,0,4
FG5041812,FG SLIMLINE WARNING LINE GRAY BASE KIT,29,1159,Active,1114,Active,0,4
FG793109,FG SLIMLINE WARNING LINE 100' KIT,29,778,Active,748,Active,0,4
FG793109.1,FG SLIMLINE WARNING LINE WIRE ROPE CLAMP,29,3.6,Active,3.45,Active,0,4
FG793109.2,FG SLIMLINE WARNING LINE QUICK LINK,29,11.7,Active,11.25,Active,0,4
FG793107,FG WARNING LINE KIT LD (Light Duty),29,NULL,Removed,1169,Active,0,4
FG004639,FG YELLOW TOUCH UP AEROSOL PAINT,29,24,Active,NULL,Active,0,4
FG004639.1,FG GRAY TOUCH UP AEROSOL PAINT,29,24,Active,NULL,Active,0,4
BW501005,SKYLIGHT DEMARCATION KIT,29,112,Active,NULL,Active,0,12
BW501619,TREMCO SKYLIGHT GUARD XL,29,4252,Active,NULL,Active,0,12
BW501620,TREMCO SKYLIGHT GUARD XL EXTENSION KIT,29,3910,Active,NULL,Active,0,12
BW501186,"SKYLIGHT GUARD SQ 35"" X 35"" X 12""",29,643,Active,NULL,Active,0,12
BW501057,"SKYLIGHT GUARD SQ 36.38"" X 36.38"" X 8""",29,643,Active,NULL,Active,0,12
BW501033,"SKYLIGHT GUARD SQ 42"" X 42"" X 10""",29,700,Active,NULL,Active,0,12
BW501046,"SKYLIGHT GUARD SQ 49.50"" X 49.50"" X 11""",29,676,Active,NULL,Active,0,12
BW501035,"SKYLIGHT GUARD SQ 50.50""X50.50""X12.50""",29,676,Active,NULL,Active,0,12
BW501054,"SKYLIGHT GUARD SQ 51"" X 51"" X 12""",29,719,Active,NULL,Active,0,12
BW501043,"SKYLIGHT GUARD SQ 56"" X 56""",29,454,Active,NULL,Active,0,12
BW501092,"SKYLIGHT GUARD SQ 51"" X 51"" X 1""",29,719,Active,NULL,Active,0,12
BW501058,"SKYLIGHT GUARD SQ 51.50"" X 51.50"" X 12""",29,719,Active,NULL,Active,0,12
BW501060,"SKYLIGHT GUARD SQ 51.50"" X 51.50"" X 16""",29,719,Active,NULL,Active,0,12
BW501040,"SKYLIGHT GUARD SQ 52.50"" X 52.50"" X 14""",29,719,Active,NULL,Active,0,12
BW501038,"SKYLIGHT GUARD SQ 53"" X 53"" X 11""",29,695,Active,NULL,Active,0,12
BW501138,"SKYLIGHT GUARD SQ 58"" X 58"" X 14""",29,832,Active,NULL,Active,0,12
BW501041,"SKYLIGHT GUARD SQ 60"" X 60"" X 12""",29,814,Active,NULL,Active,0,12
BW501032,"SKYLIGHT GUARD SQ 60"" X 60"" X 14""",29,776,Active,NULL,Active,0,12
BW501047,"SKYLIGHT GUARD SQ 61.50"" X 61.50"" X 15""",29,787,Active,NULL,Active,0,12
BW501034,"SKYLIGHT GUARD REC 27"" X 74.50"" X 6""",29,810,Active,NULL,Active,0,12
BW501039,"SKYLIGHT GUARD REC 37"" X 49"" X 12""",29,676,Active,NULL,Active,0,12
BW501037,"SKYLIGHT GUARD REC 42"" X 80"" X 11""",29,831,Active,NULL,Active,0,12
BW501078,"SKYLIGHT GUARD REC 50"" X 62"" X 8""",29,844,Active,NULL,Active,0,12
BW501082,"SKYLIGHT GUARD REC 51"" X 74"" X 12""",29,818,Active,NULL,Active,0,12
BW501067,"SKYLIGHT GUARD REC 51""X 94"" x 14""",29,954,Active,NULL,Active,0,12
BW501071,"SKYLIGHT GUARD REC 51"" X 99"" X 14""",29,954,Active,NULL,Active,0,12
BW501036,"SKYLIGHT GUARD REC 52"" X 75"" X 11""",29,898,Active,NULL,Active,0,12
BW501087,"SKYLIGHT GUARD REC 53"" X 101"" X 12""",29,976,Active,NULL,Active,0,12
BW501072,"SKYLIGHT DEFENDER R 53.25""X101.25""X10""",29,964,Active,NULL,Active,0,12
BW501023,"FLAT SKYLIGHT KIT-CORR MTL RF 40"" x 64"" ",29,255,Active,NULL,Active,0,12
BW501052,"FLAT SKYLIGHT KIT-CORR MTL RF 40"" x 128"" ",29,633,Active,NULL,Active,0,12
BW550123,FLAT SKYLIGHT KIT- STDG SEAM-SGL S-5-U,29,448,Active,NULL,Active,0,12
BW550124,FLAT SKYLIGHT KIT- STDG SEAM DBL S-5-U,29,895,Active,NULL,Active,0,12
BW550125,FLAT SKYLIGHT KIT- STDG SEAM SGL S-5-E,29,399,Active,NULL,Active,0,12
BW550126,FLAT SKYLIGHT KIT- STDG SEAM DBL S-5-E,29,789,Active,NULL,Active,0,12
BW550127,FLAT SKYLIGHT KIT- STDG SEAM SGL S-5-S,29,399,Active,NULL,Active,0,12
BW550128,FLAT SKYLIGHT KIT- STDG SEAM DBL S-5-S,29,789,Active,NULL,Active,0,12
BW550129,FLAT SKYLIGHT KIT- STDG SEAM SGL S-5-N,29,399,Active,NULL,Active,0,12
BW550130,FLAT SKYLIGHT KIT- STDG SEAM DBL S-5-N,29,799,Active,NULL,Active,0,12
FG4445080,FG 8' LADDER VEFR YLW W/UV COATING,29,621,Active,597,Active,0,3
FG4445100,FG 10' LADDER VEFR YLW W/UV COATING,29,770,Active,740,Active,0,3
FG4445120,FG 12' LADDER VEFR YLW W/UV COATING,29,921,Active,885,Active,0,3
FG4445140,FG 14' LADDER VEFR YLW W/UV COATING,29,1061,Active,1020,Active,0,3
FG4445160,FG 16' LADDER VEFR YLW W/UV COATING,29,1212,Active,1165,Active,0,3
FG4445180,FG 18' LADDER VEFR YLW W/UV COATING,29,1440,Active,1384,Active,0,3
FG4445200,FG 20' LADDER VEFR YLW W/UV COATING,29,1515,Active,1456,Active,0,3
FG4445240,FG 24' LADDER VEFR YLW W/UV COATING,29,1815,Active,1745,Active,0,3
FG4447080,FG 8' LADDER VEFR GRY W/UV COATING,29,621,Active,597,Active,0,3
FG4447100,FG 10' LADDER VEFR GRY W/UV COATING,29,770,Active,740,Active,0,3
FG4447120,FG 12' LADDER VEFR GRY W/UV COATING,29,921,Active,885,Active,0,3
FG4447140,FG 14' LADDER VEFR GRY W/UV COATING,29,1061,Active,1020,Active,0,3
FG4447160,FG 16' LADDER VEFR GRY W/UV COATING,29,1212,Active,1165,Active,0,3
FG4447180,FG 18' LADDER VEFR GRY W/UV COATING,29,1440,Active,1384,Active,0,3
FG4447200,FG 20' LADDER VEFR GRY W/UV COATING,29,1515,Active,1456,Active,0,3
FG4447240,FG 24' LADDER VEFR GRY W/UV COATING,29,1815,Active,1745,Active,0,3
FG44565080,FG 8' LADDER & WALL MOUNT VEFR YLW-UV CTG,29,1002,Active,963,Active,0,3
FG44565100,FG 10' LADDER & WALL MOUNT VEFR YLW-UV CTG,29,1147,Active,1102,Active,0,3
FG44565120,FG 12' LADDER & WALL MOUNT VEFR YLW-UV CTG,29,1288,Active,1238,Active,0,3
FG44565140,FG 14' LADDER & WALL MOUNT VEFR YLW-UV CTG,29,1538,Active,1478,Active,0,3
FG44565160,FG 16' LADDER & WALL MOUNT VEFR YLW-UV CTG,29,1678,Active,1613,Active,0,3
FG44565180,FG 18' LADDER & WALL MOUNT VEFR YLW-UV CTG,29,1898,Active,1825,Active,0,3
FG44565200,FG 20' LADDER & WALL MOUNT VEFR YLW-UV CTG,29,2077,Active,1997,Active,0,3
FG44565240,FG 24' LADDER & WALL MOUNT VEFR YLW-UV CTG,29,2366,Active,2275,Active,0,3
FG447708.1,FG 8' LADDER & WALL MOUNT VEFR GRY-UV CTG,29,1002,Active,963,Active,0,3
FG447710.1,FG 10' LADDER & WALL MOUNT VEFR GRY-UV CTG,29,1147,Active,1102,Active,0,3
FG447712.1,FG 12' LADDER & WALL MOUNT VEFR GRY-UV CTG,29,1288,Active,1238,Active,0,3
FG447714.1,FG 14' LADDER & WALL MOUNT VEFR GRY-UV CTG,29,1538,Active,1478,Active,0,3
FG447716.1,FG 16' LADDER & WALL MOUNT VEFR GRY-UV CTG,29,1678,Active,1613,Active,0,3
FG447718.1,FG 18' LADDER & WALL MOUNT VEFR GRY-UV CTG,29,1898,Active,1825,Active,0,3
FG447720.1,FG 20' LADDER & WALL MOUNT VEFR GRY-UV CTG,29,2077,Active,1997,Active,0,3
FG447724.1,FG 24' LADDER & WALL MOUNT VEFR GRY-UV CTG,29,2366,Active,2275,Active,0,3
FG448902,"FG 24"" WALK-THRU KIT 3'-6"" HIGH VEFR GRY",29,446,Active,428,Active,0,3
FG448901.1,"FG 24"" WALK-THRU KIT 3'-6"" HIGH VEFR YLW",29,446,Active,428,Active,0,3
FG448400,FG BOTTOM WALL MOUNT KIT ISOFR DKGRY,29,158,Active,151,Active,0,3
FG4484000,FG BOTTOM WALL MOUNT KIT ISOFR YELLOW,29,158,Active,151,Active,0,3
FG448700,FG FLOOR MOUNT KIT ISOFR DKGRY,29,56,Active,53,Active,0,3
FG4487000,FG FLOOR MOUNT KIT ISOFR YELLOW,29,56,Active,53,Active,0,3
FG448600,FG LADDER RAIL SPLICE KIT,29,67,Active,64,Active,0,3
FG448500,FG WALL MOUNT KIT ISOFR DKGRY,29,96,Active,92,Active,0,3
FG4485000,FG WALL MOUNT KIT ISOFR YELLOW,29,96,Active,92,Active,0,3
FG5041510,FG 6' ACCESS POINT KIT YELLOW,29,4639,Active,4460,Active,0,3
FG5041512,FG 6' ACCESS POINT KIT GRAY,29,4639,Active,4460,Active,0,3
FG12HOOPUV,FG 12' SAFETY CAGE KIT,29,NULL,Obsolete,NULL,Removed,0,3
FG16HOOPUV,FG 16' SAFETY CAGE KIT,29,NULL,Obsolete,NULL,Removed,0,3
FG20HOOPUV,FG 20' SAFETY CAGE KIT,29,NULL,Obsolete,NULL,Removed,0,3
FG23HOOPUV,FG 23' SAFETY CAGE KIT,29,NULL,Obsolete,NULL,Removed,0,3
FG264415,"FG MOLDED GRATING YLW 1""-3' X 10'",29,746,Active,717,Active,0,5
FG264465,"FG MOLDED GRATING YLW 1""-4' X 8'",29,698,Active,671,Active,0,5
FG264615,"FG MOLDED GRATING YLW 1""-4' X 12'",29,1051,Active,1010,Active,0,5
FG264405,"FG MOLDED GRATING YLW 1 1/2""-3' X 10'",29,857,Active,824,Active,0,5
FG264455,"FG MOLDED GRATING YLW 1 1/2""-4' X 8'",29,969,Active,931,Active,0,5
FG264605,"FG MOLDED GRATING YLW 1 1/2""-4' X 12'",29,1394,Active,1340,Active,0,5
FG264505,"FG MOLDED GRATING YLW 1 1/2""-5 'X 10'",29,1612,Active,1550,Active,0,5
FG264416,"FG MOLDED GRATING GRAY 1""-3' X 10'",29,731,Active,702,Active,0,5
FG264466,"FG MOLDED GRATING GRAY 1""-4' X 8'",29,683,Active,656,Active,0,5
FG264616,"FG MOLDED GRATING GRAY 1""-4' X 12'",29,1027,Active,987,Active,0,5
FG264406,"FG MOLDED GRATING GRAY 1 1/2""-3' X 10'",29,839,Active,806,Active,0,5
FG264456,"FG MOLDED GRATING GRAY 1 1/2""-4' X 8'",29,946,Active,909,Active,0,5
FG264606,"FG MOLDED GRATING GRAY 1 1/2""-4' X 12'",29,1357,Active,1304,Active,0,5
FG264506,"FG MOLDED GRATING GRAY 1 1/2""-5' X 10'",29,1575,Active,1514,Active,0,5
FG790050,"FG RUBBER FEET for 1-1/2"" & 2"" MESH GRATING",29,6.8,Active,6.5,Active,0,5
FG790051,FG RUBBER CONNECTOR,29,8.9,Active,8.55,Active,0,5
FG790053,FG RUBBER CONNECTOR 2.0,29,10.2,Active,9.8,Active,0,5
FG710120,"FG F CLIP FOR 1"" DEEP MOLDED GRATING",29,29.05,Active,27.9,Active,0,5
FG710190,FG F CLIP FOR 1.5 DEEP MOLDED GRATING,29,17.7,Active,17,Active,0,5
FG254810,"FP STAIR TREAD COVER 1/8"" 8"" X 12'",29,377,Active,362,Active,0,6
FG254910,"FP STAIR TREAD COVER 1/8"" 9"" X 12'",29,381,Active,366,Active,0,6
FG254010,"FP STAIR TREAD COVER 1/8"" 10"" X 12'",29,382,Active,367,Active,0,6
FG254110,"FP STAIR TREAD COVER 1/8"" 11"" X 12'",29,385,Active,370,Active,0,6
FG254210,"FP STAIR TREAD COVER 1/8"" 12"" X 12'",29,389,Active,374,Active,0,6
FG254820,"FP STAIR TREAD COVER 1/4"" 8"" X 12'",29,438,Active,421,Active,0,6
FG254920,"FP STAIR TREAD COVER 1/4"" 9"" X 12'",29,454,Active,436,Active,0,6
FG254020,"FP STAIR TREAD COVER 1/4"" 10"" X 12'",29,467,Active,449,Active,0,6
FG254120,"FP STAIR TREAD COVER 1/4"" 11"" X 12'",29,479,Active,460,Active,0,6
FG254220,"FP STAIR TREAD COVER 1/4"" 12"" X 12'",29,494,Active,475,Active,0,6
FG264805,"FG FIBERTRED TREAD YLW 1 1/2""-22-1/4""X120""",29,563,Active,541,Active,0,6
FG264855,"FG FIBERTRED TREAD YLW 1 1/2""-25-1/4""X144""",29,691,Active,664,Active,0,6
FG264806,"FG FIBERTRED TREAD GRY 1 1/2""-22-1/4""X120""",29,550,Active,528,Active,0,6
FG264856,"FG FIBERTRED TREAD GRY 1 1/2""-25-1/4""X144""",29,673,Active,647,Active,0,6
FG710200,FG M CLIP ASSEMBLY,29,6.7,Active,6.4,Active,0,6
FG5001010,"FG ROUND TUBE VEFR 1.9""X0.2"" YLW",29,0,Active,0,Active,0,19
FG5001020,"FG ROUND TUBE VEFR 1.9"" X 0.2"" GRAY",29,0,Active,0,Active,0,19
FG5041010,FG A POST ASSEMBLY YELLOW,29,0,Active,0,Active,0,19
FG5041012,FG A POST ASSEMBLY GRAY,29,0,Active,0,Active,0,19
FG5042010,FG B POST ASSEMBLY YELLOW,29,0,Active,0,Active,0,19
FG5042012,FG B POST ASSEMBLY GRAY,29,0,Active,0,Active,0,19
FG5043010,FG C POST ASSEMBLY YELLOW,29,0,Active,0,Active,0,19
FG5043012,FG C POST ASSEMBLY GRAY,29,0,Active,0,Active,0,19
FG5044010,FG D POST ASSEMBLY YELLOW,29,0,Active,0,Active,0,19
FG5044012,FG D POST ASSEMBLY GRAY,29,0,Active,0,Active,0,19
FG5049010,FG E POST ASSEMBLY YELLOW,29,0,Active,0,Active,0,19
FG5049012,FG E POST ASSEMBLY GRAY,29,0,Active,0,Active,0,19
FG5045010,FG RETURN ASSEMBLY YELLOW,29,0,Active,0,Active,0,19
FG5045012,FG RETURN ASSEMBLY GRAY,29,0,Active,0,Active,0,19
FG504601,FG WALL ASSEMBLY,29,0,Active,0,Active,0,19
FG504701,FG RAIL SPLICE ASSEMBLY,29,0,Active,0,Active,0,19
FG504801,FG 90 DEG. SPLICE ASSEMBLY,29,0,Active,0,Active,0,19
FG504802,FG SWIVEL ELBOW ASSEMBLY,29,0,Active,0,Active,0,19
FG5001010,"FG ROUND TUBE VEFR 1.9""X0.2"" YLW",29,0,Active,0,Active,0,20
FG5001020,"FG ROUND TUBE VEFR 1.9"" X 0.2"" GRAY",29,0,Active,0,Active,0,20
FG5041000,FG SLIMLINE POST ASSEMBLY YELLOW,29,0,Active,0,Active,0,20
FG5041002,FG SLIMLINE POST ASSEMBLY GRAY,29,0,Active,0,Active,0,20
FG5041200,FG F POST ASSEMBLY YELLOW,29,0,Active,0,Active,0,20
FG5041202,FG F POST ASSEMBLY GRAY,29,0,Active,0,Active,0,20
FG5041100,FG KICKER ASSEMBLY YELLOW,29,0,Active,0,Active,0,20
FG5041102,FG KICKER ASSEMBLY GRAY,29,0,Active,0,Active,0,20
FG5045010,FG RETURN ASSEMBLY YELLOW,29,0,Active,0,Active,0,20
FG5045012,FG RETURN ASSEMBLY GRAY,29,0,Active,0,Active,0,20
FG504601,FG WALL ASSEMBLY,29,0,Active,0,Active,0,20
FG504701,FG RAIL SPLICE ASSEMBLY,29,0,Active,0,Active,0,20
FG504801,FG 90 DEG. SPLICE ASSEMBLY,29,0,Active,0,Active,0,20
FG504802,FG SWIVEL ELBOW ASSEMBLY,29,0,Active,0,Active,0,20
VRAM25,"VR AEROMAT 0.25 4' x 50' x .25""",33,0,Active,0,Active,0,16
VRDG4,"VR DRAINGUARD 4 - 15"" X 15"" X 6""",29,0,Active,0,Active,0,16
VRDG6,"VR DRAINGUARD 6 - 15"" X 15"" X 8""",29,0,Active,0,Active,0,16
VRDG8,"VR DRAINGUARD 8 - 15"" X 15"" X 10""",29,0,Active,0,Active,0,16
VRDGC,VR DRAINGUARD CUSTOM,30,0,Active,0,Active,0,16
VRFF4,VR FILTER FABRIC 4' X 360',33,0,Active,0,Active,0,16
VRFF10,VR FILTER FABRIC 10' x 360',33,0,Active,0,Active,0,16
VRFF1,"VR FILTER FABRIC 12"" X 360'",33,0,Active,0,Active,0,16
VRFF2,"VR FILTER FABRIC 24"" X 360'",33,0,Active,0,Active,0,16
VRHP040FF,VR HYDRAPANEL 0.40FF 4' x 50',33,0,Active,0,Active,0,16
VRHP100FF,VR HYDRAPANEL 1.00FF 3' x 50',33,0,Active,0,Active,0,16
VRHP040,"VR HYDRAPANEL 0.40 - 4' x 50' x .40""",33,0,Active,0,Active,0,16
VRHP125,"VR HYDRAPANEL 1.25 - 24"" x 24"" x 1.25""",29,0,Active,0,Active,0,16
VRHP2,"VR HYDRAPANEL 2 - 24"" x 24"" x 2""",29,0,Active,0,Active,0,16
VRPMT,VR POLYMAT 3.33' x 300',33,0,Active,0,Active,0,16
VRTD22,VR TREMDRAIN 22 14.5' x 250',33,0,Active,0,Active,0,16
VRTD22F1,VR TREMDRAIN 22F 4.83'-150',33,0,Active,0,Active,0,16
VRTD22F,VR TREMDRAIN 22F  7' x 275',33,NULL,Obsolete,NULL,Removed,0,16
VRTD22FF,VR TREMDRAIN 22FF 14.5' x 250',33,0,Active,0,Active,0,16
VRTD25FF,VR TREMDRAIN 25FF 4' x 50',33,0,Active,0,Active,0,16
VRTD25FP,VR TREMDRAIN 25FP 4' x 50',33,0,Active,0,Active,0,16
VRTD25FSB,VR TREMDRAIN 25FSB 4' x 50',33,0,Active,0,Active,0,16
VRTD40FD,VR TREMDRAIN 40FD,33,0,Active,0,Active,0,16
VRTD40FP4,VR TREMDRAIN 40FP 4' x 50',33,0,Active,0,Active,0,16
VRTD40FPHS,VR TREMDRAIN 40FPHS 4' x 50',33,0,Active,0,Active,0,16
VRPP,VR ADJ PAVER PEDESTALS,29,0,Active,0,Active,0,16
VRPCC,VR CERACYCLE PORCELAIN PAVERS,29,0,Active,0,Active,0,16
VRPPF,VR FIXED HEIGHT PAVER PEDESTAL,29,0,Active,0,Active,0,16
VRHP,VR HYDRO PAVER,29,0,Active,0,Active,0,16
VRP,VR PAVERS,29,0,Active,0,Active,0,16
VRAMX,VR AEROMIX,29,0,Active,0,Active,0,16
VRGMBB,VR BULK BAGGING,29,0,Active,0,Active,0,16
VRPC,VR CUSTOM PLANTINGS,29,0,Active,0,Active,0,16
VRGMC,VR GROWTH MEDIA CUSTOM,29,0,Active,0,Active,0,16
VRHYMX,VR HYDRAMIX,29,0,Active,0,Active,0,16
VRMISC,VR MEADOW PLANTINGS,29,0,Active,0,Active,0,16
VRMB,VR MICROBLEND,29,0,Active,0,Active,0,16
VRMMWT,VR MOD MEADOW TRAY,29,0,Active,0,Active,0,16
VRMST,VR MOD SEDUM TRAY,29,0,Active,0,Active,0,16
VRPLMX1,VR PLANTER MIX,29,0,Active,0,Active,0,16
VRSMATP,VR SEDUM PLANTINGS MAT,29,0,Active,0,Active,0,16
VRSPLUG,VR SEDUM PLANTINGS PLUG,29,0,Active,0,Active,0,16
VRSCUT,VR SEDUM PLANTINGS CUT,29,0,Active,0,Active,0,16
VRAM,VR AEROMAT,29,0,Active,0,Active,0,16
VRFW2,VR FABRICWEAVE,29,0,Active,0,Active,0,16
VRFL,VR FABRICLOK,29,0,Active,0,Active,0,16
VRMW,VR HYDRAMAT,29,0,Active,0,Active,0,16
VRMM400,VR MOISTURE MAT,29,0,Active,0,Active,0,16
VRRB,VR ROOTBLOC,29,0,Active,0,Active,0,16
VRPPBSC,VR BASE SLOPE CORRECTOR,29,0,Active,0,Active,0,16
VREG,VR EDGEGUARD,29,0,Active,0,Active,0,16
VREGL,VR EDGEGUARD LEVELING STRIP,29,0,Active,0,Active,0,16
VREGC,VR EDGEGUARD CONNECTOR,29,0,Active,0,Active,0,16
VREG,VR EDGEGUARD CORNER,29,0,Active,0,Active,0,16
VRMIR,VR IRRIGATION - DRIP/ROTARY,29,0,Active,0,Active,0,16
VRPPSH,VR RUBBER SHIM,29,0,Active,0,Active,0,16
VRPPSHS,VR SLOPED RUBBER SHIM,29,0,Active,0,Active,0,16
VRSL,VR SLOPELOC,29,0,Active,0,Active,0,16
VRPPT,VR SPACER TABS,29,0,Active,0,Active,0,16
VRTT,VR TECTAPE,29,0,Active,0,Active,0,16
VRTH,VR TERRAHOLD,29,0,Active,0,Active,0,16
032024 502,"DISC 2"" STEEL - 1000/CS",28,248,Active,0,Active,0,2
032022 502,"DISC 3"" STEEL - 1000/CS",28,265,Active,0,Active,0,2
032023 502,"DISC 3"" PLASTIC - 1000/CS",28,160,Active,0,Active,0,2
032000 502,"FASTENER 1211 LINE 1-1/4""SCREW-1000/CS",28,87,Active,0,Active,0,2
032001 502,"FASTENER 1211 LINE 2""SCREW-1000/CS",28,96,Active,0,Active,0,2
032033 502,"FASTENER 1211 LINE 3"" SCREW-1000/CS",28,132,Active,0,Active,0,2
032034 502,"FASTENER 1211 LINE 4"" SCREW-1000/CS",28,187,Active,0,Active,0,2
032005 502,"FASTENER 1211 LINE 5"" SCREW-1000/CS",28,249,Active,0,Active,0,2
032006 502,"FASTENER 1211 LINE 6"" SCREW-1000/CS",28,305,Active,0,Active,0,2
032007 502,"FASTENER 1211 LINE 7"" SCREWS-1000/CS",28,445,Active,0,Active,0,2
032008 502,"FASTENER 1211 LINE 8"" SCREWS-1000/CS",28,508,Active,0,Active,0,2
032009 502,"FASTENER 1410 LINE 1-1/4""SCREW - 1000/CS",28,93,Active,0,Active,0,2
032010 502,"FASTENER 1410 LINE 1-3/4""SCREW - 1000/CS",28,124,Active,0,Active,0,2
032011 502,"FASTENER 1410 LINE 2"" SCREW - 1000/CS",28,132,Active,0,Active,0,2
032012 502,"FASTENER 1410 LINE 3"" SCREW - 1000/CS",28,165,Active,0,Active,0,2
032013 502,"FASTENER 1410 LINE 4"" SCREW - 1000/CS",28,215,Active,0,Active,0,2
032014 502,"FASTENER 1410 LINE 5"" SCREW - 500/CS",28,160,Active,0,Active,0,2
032015 502,"FASTENER 1410 LINE 6"" SCREW - 500/CS",28,193,Active,0,Active,0,2
032016 502,"FASTENER 1410 LINE 7"" SCREW - 500/CS",28,270,Active,0,Active,0,2
032017 502,"FASTENER 1410 LINE 8"" SCREW - 500/CS",28,289,Active,0,Active,0,2
032018 502,"FASTENER 1410 LINE 9"" SCREW - 500/CS",28,381,Active,0,Active,0,2
032019 502,"FASTENER 1410 LINE  10"" SCREW - 500/CS",28,477,Active,0,Active,0,2
032021 502,"FASTENER 1410 LINE  12"" SCREW - 250/CS",28,260,Active,0,Active,0,2
03115DF200 502,"FASTENER #15 DF 2"" 1000/CS",28,124,Active,0,Active,0,2
03115DF300 502,"FASTENER #15 DF 3"" 1000/CS",28,171,Active,0,Active,0,2
03115DF400 502,"FASTENER #15 DF 4"" 1000/CS",28,225,Active,0,Active,0,2
03115DF500 502,"FASTENER #15 DF 5"" 1000/CS",28,266,Active,0,Active,0,2
03115DF600 502,"FASTENER #15 DF 6""  500/CS",28,170,Active,0,Active,0,2
03115DF700 502,"FASTENER #15 DF 7""  500/CS",28,231,Active,0,Active,0,2
03115DF800 502,"FASTENER #15 DF 8""  500/CS",28,271,Active,0,Active,0,2
03115DF010 502,"FASTENER #15 DF  10""  500/CS",28,449,Active,0,Active,0,2
03115DF012 502,"FASTENER #15 DF  12""  250/CS",28,272,Active,0,Active,0,2
03112DFP334 502,TREMCO #12 DF PURLIN PF 3.75  1000/CS,28,422,Active,0,Active,0,2
03112DFP434 502,TREMCO #12 DF PURLIN PF 4.75  1000/CS,28,503,Active,0,Active,0,2
03112DFP534 502,TREMCO #12 DF PURLIN PF 5.75  1000/CS,28,636,Active,0,Active,0,2
03112DFP634A502,TREMCO #12 DF PURLIN PF 6.75  500/CS,28,389,Active,0,Active,0,2
03115DF3TPA 502,"DF 3"" ISOWELD TPA PLATE 500/CS",28,518,Active,0,Active,0,2
03115DF3TPO 502,"DF 3"" ISOWELD TPO PLATE 500/CS",28,518,Active,0,Active,0,2
032122 502,"FASTENER 1510 LINE 2"" SCREW-1000/CASE",28,142,Active,0,Active,0,2
032123 502,"FASTENER 1510 LINE 3"" SCREWS-1000/CASE",28,189,Active,0,Active,0,2
032124 502,"FASTENER 1510 XHD 4"" SCREWS-1000/CASE",28,246,Active,0,Active,0,2
032125 502,"FASTENER 1510 XHD 5"" SCREWS-500/CASE",28,168,Active,0,Active,0,2
032126 502,"FASTENER 1510 XHD 6"" SCREWS-500/CASE",28,202,Active,0,Active,0,2
032127 502,"FASTENER 1510 XHD 7"" SCREWS-500/CASE",28,280,Active,0,Active,0,2
032128 502,"FASTENER 1510 XHD 8"" SCREWS-500/CASE",28,311,Active,0,Active,0,2
032130 502,"FASTENER 1510 XHD  10"" SCREWS-500/CASE",28,436,Active,0,Active,0,2
032132 502,"FASTENER 1510 XHD  12"" SCREWS-500/CASE",28,569,Active,0,Active,0,2
032120 502,DISCS EXTRA HVY DUTY 228 GALV PLT BARB-1000/CS,28,370,Active,0,Active,0,2
031MP82 502,"TREMCO 2"" BARBED SEAM PLATE 1000/CS",28,187,Active,0,Active,0,2
031BMSP204 502,"TREMCO 2.4"" BARBED SEAM PLATE 1000/CS",28,248,Active,0,Active,0,2
031MIP300 502,"TREMCO 3"" METAL INSULATION PLATE 1000/CS",28,197,Active,0,Active,0,2
031RIP300 502,"TREMCO 3"" RECESSED INSULATION PLATE/1000",28,197,Active,0,Active,0,2
03115EHD114 502,TREMCO #15 EHD 1.25 FASTENER 1000/CS,28,118,Active,0,Active,0,2
03115EHD200 502,TREMCO #15 EHD 2 FASTENER 1000/CS,28,147,Active,0,Active,0,2
03115EHD300 502,TREMCO #15 EHD 3 FASTENER 1000/CS,28,174,Active,0,Active,0,2
03115EHD400 502,TREMCO #15 EHD 4 FASTENER 1000/CS,28,215,Active,0,Active,0,2
03115EHD500 502,TREMCO #15 EHD 5 FASTENER 1000/CS,28,244,Active,0,Active,0,2
03115EHD600 502,TREMCO #15 EHD 6 FASTENER 500/CS,28,175,Active,0,Active,0,2
03115EHD700 502,TREMCO #15 EHD 7 FASTENER 500/CS,28,215,Active,0,Active,0,2
03115EHD800 502,TREMCO #15 EHD 8 FASTENER 500/CS,28,233,Active,0,Active,0,2
03115EHD900 502,TREMCO #15 EHD 9 FASTENER 250/CS,28,154,Active,0,Active,0,2
03115EHD010 502,TREMCO #15 EHD  10 FASTENER 250/CS,28,190,Active,0,Active,0,2
03115EHD011 502,TREMCO #15 EHD  11 FASTENER 250/CS,28,209,Active,0,Active,0,2
03115EHD012 502,TREMCO #15 EHD  12 FASTENER 250/CS,28,235,Active,0,Active,0,2
03115EHD014 502,TREMCO #15 EHD  14 FASTENER 250/CS,28,313,Active,0,Active,0,2
03115EHD016 502,TREMCO #15 EHD  16 FASTENER 250/CS,28,385,Active,0,Active,0,2
03115EHD018 502,TREMCO #15 EHD  18 FASTENER 250/CS,28,559,Active,0,Active,0,2
03115EHD020 502,TREMCO #15 EHD  20 FASTENER 250/CS,28,603,Active,0,Active,0,2
03115EHD022 502,TREMCO #15 EHD  22 FASTENER 250/CS,28,632,Active,0,Active,0,2
03115EHD024 502,TREMCO #15 EHD  24 FASTENER 250/CS,28,662,Active,0,Active,0,2
03112DP158 502,TREMCO #12 DP 1-5/8 FASTENER 1000/CS,28,65,Active,0,Active,0,2
03112DP278 502,TREMCO #12 DP 2-7/8 FASTENER 1000/CS,28,110,Active,0,Active,0,2
03112DP214 502,TREMCO #12 DP 2.25 FASTENER 1000/CS,28,85,Active,0,Active,0,2
03112DP314 502,TREMCO #12 DP 3.25 FASTENER 1000/CS,28,124,Active,0,Active,0,2
03112DP334 502,TREMCO #12 DP 3.75 FASTENER 1000/CS,28,130,Active,0,Active,0,2
03112DP412 502,TREMCO #12 DP 4.5 FASTENER 1000/CS,28,168,Active,0,Active,0,2
03112DP500 502,TREMCO #12 DP 5 FASTENER 1000/CS,28,193,Active,0,Active,0,2
03112DP600 502,TREMCO #12 DP 6 FASTENER 1000/CS,28,227,Active,0,Active,0,2
03112DP700 502,TREMCO #12 DP 7 FASTENER 500/CS,28,153,Active,0,Active,0,2
03112DP800 502,TREMCO #12 DP 8 FASTENER 500/CS,28,189,Active,0,Active,0,2
03114HD112 502,TREMCO #14 HD 1.5 FASTENER 1000/CS,28,85,Active,0,Active,0,2
03114HD200 502,TREMCO #14 HD 2 FASTENER 1000/CS,28,95,Active,0,Active,0,2
03114HD212 502,TREMCO #14 HD 2.5 FASTENER 1000/CS,28,118,Active,0,Active,0,2
03114HD300 502,TREMCO #14 HD 3 FASTENER 1000/CS,28,139,Active,0,Active,0,2
03114HD312 502,TREMCO #14 HD 3.5 FASTENER 1000/CS,28,145,Active,0,Active,0,2
03114HD400 502,TREMCO #14 HD 4 FASTENER 1000/CS,28,159,Active,0,Active,0,2
03114HD412 502,TREMCO #14 HD 4.5 FASTENER 1000/CS,28,173,Active,0,Active,0,2
03114HD500 502,TREMCO #14 HD 5 FASTENER 1000/CS,28,215,Active,0,Active,0,2
03114HD512 502,TREMCO #14 HD 5.5 FASTENER 1000/CS,28,234,Active,0,Active,0,2
03114HD600 502,TREMCO #14 HD 6 FASTENER 1000/CS,28,253,Active,0,Active,0,2
03114HD700 502,TREMCO #14 HD 7 FASTENER 500/CS,28,170,Active,0,Active,0,2
03114HD800 502,TREMCO #14 HD 8 FASTENER 500/CS,28,210,Active,0,Active,0,2
03114HD900 502,TREMCO #14 HD 9 FASTENER 250/CS,28,152,Active,0,Active,0,2
03114HD010 502,TREMCO #14 HD  10 FASTENER 250/CS,28,170,Active,0,Active,0,2
03114HD011 502,TREMCO #14 HD  11 FASTENER 250/CS,28,188,Active,0,Active,0,2
03114HD012 502,TREMCO #14 HD  12 FASTENER 250/CS,28,197,Active,0,Active,0,2
03112P138 502,TREMCO #12 PURLIN PF 1-3/8 2500/CS,28,500,Active,0,Active,0,2
03112P234 502,TREMCO #12 PURLIN PF 2.75  1000/CS,28,204,Active,0,Active,0,2
03112P334 502,TREMCO #12 PURLIN PF 3.75  1000/CS,28,248,Active,0,Active,0,2
03112P434 502,TREMCO #12 PURLIN PF 4.75  1000/CS,28,317,Active,0,Active,0,2
03112P534 502,TREMCO #12 PURLIN PF 5.75  1000/CS,28,404,Active,0,Active,0,2
03112P634 502,TREMCO #12 PURLIN PF 6.75  1000/CS,28,554,Active,0,Active,0,2
03112P734 502,TREMCO #12 PURLIN PF 7.75  500/CS,28,330,Active,0,Active,0,2
03112P834 502,TREMCO #12 PURLIN PF 8.75  500/CS,28,467,Active,0,Active,0,2
03175FM 502,TREMCO FM-75 BASE SHEET 1.2 1000/CS,28,240,Active,0,Active,0,2
03190FM 502,TREMCO FM-90 BASE SHEET 1.7 1000/CS,28,240,Active,0,Active,0,2
032414 502,"TREMCO TWIN LOC-NAIL 1.4"" 500/CS",28,290,Active,0,Active,0,2
032418 502,"TREMCO TWIN LOC-NAIL 1.8"" 500/CS",28,290,Active,0,Active,0,2
032428 502,"TREMCO TWIN LOC-NAIL 2.8"" 500/CS",28,349,Active,0,Active,0,2
032438 502,"TREMCO TWIN LOC-NAIL 3.8"" 500/CS",28,430,Active,0,Active,0,2
032448 502,"TREMCO TWIN LOC-NAIL 4.8"" 250/CS",28,268,Active,0,Active,0,2
032400 502,TREMCO TWIN LOC-DRIVER ,28,138,Active,0,Active,0,2
30548100 550,"TRISOTECH G INSULATION 1.0"" X 4' X 8'",44,0,Active,0,Active,0,29
30548150 550,"TRISOTECH G INSULATION 1.5"" X 4' X 8'",44,0,Active,0,Active,0,29
30548180 550,"TRISOTECH G INSULATION 1.8"" X 4' X 8'",44,0,Active,0,Active,0,29
30548200 550,"TRISOTECH G INSULATION 2.0"" X 4' X 8'",44,0,Active,0,Active,0,29
30548220 550,"TRISOTECH G INSULATION 2.2"" X 4' X 8'",44,0,Active,0,Active,0,29
30548250 550,"TRISOTECH G INSULATION 2.5"" X 4' X 8'",44,0,Active,0,Active,0,29
30548260 550,"TRISOTECH G INSULATION 2.6"" X 4' X 8'",44,0,Active,0,Active,0,29
30548270 550,"TRISOTECH G INSULATION 2.7"" X 4' X 8'",44,0,Active,0,Active,0,29
30548280 550,"TRISOTECH G INSULATION 2.8"" X 4' X 8'",44,0,Active,0,Active,0,29
30548300 550,"TRISOTECH G INSULATION 3.0"" X 4' X 8'",44,0,Active,0,Active,0,29
30548330 550,"TRISOTECH G INSULATION 3.3"" X 4' X 8'",44,0,Active,0,Active,0,29
30548350 550,"TRISOTECH G INSULATION 3.5"" X 4' X 8'",44,0,Active,0,Active,0,29
30548400 550,"TRISOTECH G INSULATION 4.0"" X 4' X 8'",44,0,Active,0,Active,0,29
30544100 550,"TRISOTECH G INSULATION 1.0"" X 4' X 4'",44,0,Active,0,Active,0,29
30544150 550,"TRISOTECH G INSULATION 1.5"" X 4' X 4'",44,0,Active,0,Active,0,29
30544180 550,"TRISOTECH G INSULATION 1.8"" X 4' X 4'",44,0,Active,0,Active,0,29
30544200 550,"TRISOTECH G INSULATION 2.0"" X 4' X 4'",44,0,Active,0,Active,0,29
30544220 550,"TRISOTECH G INSULATION 2.2"" X 4' X 4'",44,0,Active,0,Active,0,29
30544250 550,"TRISOTECH G INSULATION 2.5"" X 4' X 4'",44,0,Active,0,Active,0,29
30544260 550,"TRISOTECH G INSULATION 2.6"" X 4' X 4'",44,0,Active,0,Active,0,29
30544270 550,"TRISOTECH G INSULATION 2.7"" X 4' X 4'",44,0,Active,0,Active,0,29
30544280 550,"TRISOTECH G INSULATION 2.8"" X 4' X 4'",44,0,Active,0,Active,0,29
30544300 550,"TRISOTECH G INSULATION 3.0"" X 4' X 4'",44,0,Active,0,Active,0,29
30544330 550,"TRISOTECH G INSULATION 3.3"" X 4' X 4'",44,0,Active,0,Active,0,29
30544350 550,"TRISOTECH G INSULATION 3.5"" X 4' X 4'",44,0,Active,0,Active,0,29
30544400 550,"TRISOTECH G INSULATION 4.0"" X 4' X 4'",44,0,Active,0,Active,0,29
305948 550,TREM BLURDGSTRUCTODEK HD REDPRIME.5 4x8,44,0,Active,0,Active,0,29
305944 550,TREM BLURDGSTRUCTODEK HD REDPRIME.5 4x4,44,0,Active,0,Active,0,29
305625 550,"TREMCO-GP DENS-DECK .25"" x 4' x 8'",44,110.55,Active,98.7,Active,0,29
305650 550,"TREMCO-GP DENS-DECK  .50"" x 4' x 8'",44,129.6,Active,115.7,Active,0,29
305860 550,"TREMCO-GP DENS-DECK .625"" x 4' x 8'",44,136.1,Active,121.5,Active,0,29
305625P550,"TREMCO-GP DENS-DECK PRIME .25"" x 4' x 8'",44,117.75,Active,105.1,Active,0,29
305725P550,"TREMCO-GP DENS-DECK PRIME .25"" x 4' x 4'",44,128.5,Active,114.7,Active,0,29
305650P550,"TREMCO-GP DENS-DECK PRIME .50"" x 4' x 8'",44,137.1,Active,122.4,Active,0,29
305750P550,"TREMCO-GP DENS-DECK PRIME .50"" x 4' x 4'",44,142.25,Active,127,Active,0,29
305860P550,"TREMCO-GP DENS-DECK PRIME .625"" x 4'x 8'",44,143.5,Active,128.1,Active,0,29
305625USG550,"TREMCO-USG SECUROCK .25"" X 4' X 8'",44,107.3,Active,91.2,Active,0,29
305638USG550,"TREMCO-USG SECUROCK .375"" X 4' X 8'",44,114.7,Active,97.5,Active,0,29
305650USG550,TREMCO-USG SECUROCK .50 X 4' X 8',44,124.35,Active,105.7,Active,0,29
305658USG550,TREMCO-USG SECUROCK .625 X 4' X 8',44,129.15,Active,109.8,Active,0,29
305725USG550,"TREMCO-USG SECUROCK .25"" X 4' X 4'",44,109.75,Active,93.3,Active,0,29
305738USG550,"TREMCO-USG SECUROCK .375"" X 4' X 4'",44,117.2,Active,99.6,Active,0,29
305750USG550,TREMCO-USG SECUROCK .50 X 4' X 4',44,126.8,Active,107.8,Active,0,29
305758USG550,TREMCO-USG SECUROCK .625 X 4' X 4',44,131.65,Active,111.9,Active,0,29
3052DD550,"TOPROCK DD 2"" x 4' x 4'",44,0,Active,0,Active,0,29
30525DD550,"TOPROCK DD 2.5"" x 4' x 4'",44,0,Active,0,Active,0,29
3053DD550,"TOPROCK DD 3"" x 4' x 4'",44,0,Active,0,Active,0,29
30535DD550,"TOPROCK DD 3.5"" x 4' x 4'",44,0,Active,0,Active,0,29
3052DDPL550,"TOPROCK DD PLUS 2"" x 4' x 4'",44,0,Active,0,Active,0,29
30525DDPL550,"TOPROCK DD PLUS 2.5"" x 4' x 4'",44,0,Active,0,Active,0,29
3053DDPL550,"TOPROCK DD PLUS 3"" x 4' x 4'",44,0,Active,0,Active,0,29
30535DDPL550,"TOPROCK DD PLUS 3.5"" x 4' x 4'",44,0,Active,0,Active,0,29
RWCUSTOM,ROCKWOOL CUSTOM INSULATION,44,0,Active,0,Active,0,29
3054514AC550,"TREMBOARD AC 1/4"" x 4' x 5' 15 SQS/PAL",32,1852,Active,1815,Active,0,29
3054518AC550,"TREMBOARD AC 1/8"" x 4' x 5' 30 SQS/PAL",32,1740,Active,1705,Active,0,29
BIPV1-18,"V1-ADJUSTABLE PEDESTAL 1/8"" (3.2mm)",29,13.95,Active,13.65,Active,0,28
BIPV1-316,"V1-ADJUSTABLE PEDESTAL 3/16"" (4.5mm)",29,13.95,Active,13.65,Active,0,28
BIPV2-18,"V2-ADJUSTABLE PEDESTAL 1/8"" (3.2mm)",29,13.95,Active,13.65,Active,0,28
BIPV2-316,"V2-ADJUSTABLE PEDESTAL 3/16"" (4.5mm)",29,13.95,Active,13.65,Active,0,28
BIPV3-18,"V3-ADJUSTABLE PEDESTAL 1/8"" (3.2mm)",29,13.95,Active,13.65,Active,0,28
BIPV3-316,"V3-ADJUSTABLE PEDESTAL 3/16"" (3.2mm)",29,13.95,Active,13.65,Active,0,28
BIPV4-18,"V4-ADJUSTABLE PEDESTAL 1/8"" (3.2mm)",29,15.75,Active,15.4,Active,0,28
BIPV4-316,"V4-ADJUSTABLE PEDESTAL 3/16"" (4.5mm)",29,15.75,Active,15.4,Active,0,28
BIPVC2,QUICK CLIP COUPLER,29,6.35,Active,6.2,Active,0,28
BIPBB-C,V-BRACE COLLAR,29,3,Active,2.9,Active,0,28
BIPBB-BRACE,V-BRACE KIT,29,5.4,Active,5.25,Active,0,28
BIPBB-CONNECT,V-FIXED HT BRACE CONNECTOR,29,1.9,Active,1.85,Active,0,28
BIPBB-FH,V-FIXED HT BRACE KIT,29,3.65,Active,3.55,Active,0,28
BIPBB-PEGS,V-PEGS,29,0.3,Active,0.25,Active,0,28
BIPLC-18,"L-ADJUSTABLE PEDESTAL 1/8"" (3.2mm)",29,12.7,Active,12.45,Active,0,28
BIPLC-316,"L-ADJUSTABLE PEDESTAL 3/16"" (4.5mm)",29,12.7,Active,12.45,Active,0,28
BIPC1,"L-COUPLER HT RANGE TO 1-1/2"" (38mm)",29,3.15,Active,3.05,Active,0,28
BIPC4,"L-COUPLER HT RANGE TO 4"" (102mm)",29,6.95,Active,6.8,Active,0,28
BIPLT18,"L-SPACER 1/8"" (3.2mm)",29,1.35,Active,1.3,Active,0,28
BIPLT316,"L-SPACER 3/16"" (4.5mm)",29,1.35,Active,1.3,Active,0,28
BIPVT18,"V-TAB 1/8"" (3.2mm)",29,1.35,Active,1.3,Active,0,28
BIPVT316,"V-TAB 3/16"" (4.5mm)",29,1.35,Active,1.3,Active,0,28
BIPVT18-SS,"V-TAB SS 1/8"" (3.2mm)",29,1.35,Active,1.3,Active,0,28
BIPVT18-HEX,"V-TAB HEX 1/8"" (3.2mm)",29,1.35,Active,1.3,Active,0,28
BIPHD25-18,"FIXED HT 1/4"" STACKABLE PED 1/8""(3.2mm)",29,3.5,Active,3.4,Active,0,28
BIPHD25-316,"FIXED HT 1/4"" STACKABLE PED 3/16""(4.5mm)",29,3.5,Active,3.4,Active,0,28
BIPHD50-18,"FIXED HT 1/2"" STACKABLE PED 1/8""(3.2mm)",29,3.5,Active,3.4,Active,0,28
BIPHD50-316,"FIXED HT 1/2"" STACKABLE PED 3/16""(4.5mm)",29,3.5,Active,3.4,Active,0,28
BIPHD75-18,"FIXED HT 3/4"" STACKABLE PED 1/8""(3.2mm)",29,3.5,Active,3.4,Active,0,28
BIPHD75-316,"FIXED HT 3/4"" STACKABLE PED 3/16""(4.5mm)",29,3.5,Active,3.4,Active,0,28
BIPLO-18,"LOW HT ADJUSTABLE PED 1/8"" (3.2mm)",29,12.2,Active,11.95,Active,0,28
BIPLO-316,"LOW HT ADJUSTABLE PED 3/16"" (4.5mm)",29,12.2,Active,11.95,Active,0,28
BIPB11,"RUBBER FLEXIBLE SHIM 1/16"" (1.6mm)",29,2.5,Active,2.45,Active,0,28
BIPPS1,"RIGID SHIM 1/8"" (3.2mm)",29,2.3,Active,2.25,Active,0,28
BIPLD4,BASE LEVELER,29,3.05,Active,2.95,Active,0,28
BIPBB-WEDGE,SPACING WEDGE,29,2.3,Active,2.25,Active,0,28
BIPFIB,FLOATING INSULATION BASE,29,7.1,Active,6.95,Active,0,28
BIPFFB,FLOATING FOUNDATION BASE (SOIL),29,7.1,Active,6.95,Active,0,28
BIPSP8,SOUND PAD,29,6.25,Active,6.1,Active,0,28
BIPJT,JOIST TOP ATTACHMENT FOR V & L,29,3.95,Active,3.85,Active,0,28
BIPWT-IPE-24-S,IPE WOOD TILES 2' x 2' SMOOTH,29,67,Active,65,Active,0,28
BIPWT-IPE-24-R,IPE WOOD TILES 2' x 2' RIBBED,29,67,Active,65,Active,0,28
BIPWT-IPE-48-S,IPE WOOD TILES  2' x 4' SMOOTH,29,143,Active,140,Active,0,28
BIPWT-IPE-48-R,IPE WOOD TILES 2' x 4' RIBBED,29,143,Active,140,Active,0,28
BIPWT-IPE-48-ECO,ECO IPE WOOD TILES 2' x 4' SMOOTH,29,130,Active,127,Active,0,28
BIPWT-IPE-3030-10,"IPE WOOD TILES 30"" x 30"" SMOOTH",29,104,Active,101,Active,0,28
BIPWT-CUMARU-24-8,CAMARU WOOD TILES 2' x 2' SMOOTH,29,61,Active,59,Active,0,28
BIPWT-CUMARU-48-8,CAMARU WOOD TILES 2' x 4' SMOOTH,29,119,Active,116,Active,0,28
BIPWT-BAMBOO-24,BAMBOO TILES 2' x 2' SMOOTH,29,97,Active,95,Active,0,28
BIPWT-ITAUBA-24-S,ITAUBA WOOD TILES 2' x 2' SMOOTH,29,51,Active,49.3,Active,0,28
BIPWT-TW-24-S,TIGERWOOD TILES 2' x 2' SMOOTH,29,48.7,Active,47.7,Active,0,28
BIPWT-FSC-IPE-24,FSC IPE WOOD TILES 2' x 2' SMOOTH,29,96,Active,94,Active,0,28
BIPWT-FSC-IPE-AB24,FSC IPE AB WOOD TILES 2' x 2' SMOOTH,29,73,Active,71,Active,0,28
BIPWT-FSC-GARAPA24,FSC GARAPA WOOD TILES 2' x 2' SMOOTH,29,56,Active,54,Active,0,28
BIPWT-FSC-CUMARU24,FSC CUMARU WOOD TILES 2' x 2' SMOOTH,29,63,Active,61,Active,0,28
BIPWT-FSC-CUMARU48,FSC CUMARU WOOD TILES 2' x 4' SMOOTH,29,164,Active,160,Active,0,28
BIPFS-1,WOOD TILE FASTENING KIT,29,2.3,Active,2.25,Active,0,28
BIPFS-12-WT,SPLINE FASTENING KIT,29,3.55,Active,3.45,Active,0,28
BIPWT-IPE-72-6,SPECIAL WOOD TILES 2' x 6' SMOOTH,29,365,Active,357,Active,0,28
BIPWT-IPE-96-6,SPECIAL WOOD TILES 2' x 8' SMOOTH,29,514,Active,503,Active,0,28
BIPCUBE-IPE242417,IPE WOOD CUBE - 242417,29,777,Active,761,Active,0,28
BIPCUBE-IPE482417,IPE WOOD CUBE - 482417,29,1272,Active,1247,Active,0,28
BIPCUBE-IPE2424-W,SINGLE IPE CUBE TOP FOR WOOD CUBE-2424,29,131,Active,128,Active,0,28
BIPCUBE-IPE2424-AL,SINGLE IPE CUBE TOP FOR ALUM CUBE-2424,29,131,Active,128,Active,0,28
BIPCUBE-IPE4824-W,DOUBLE IPE CUBE TOP FOR WOOD CUBE-4824,29,234,Active,229,Active,0,28
BIPCUBE-IPE4824-AL,DOUBLE IPE CUBE TOP FOR ALUM CUBE-4824,29,234,Active,229,Active,0,28
BIPCUBE-PC242420,POWDER COAT ALUM CUBE-242420,29,849,Active,832,Active,0,28
BIPCUBE-PC242424,POWDER COAT ALUM CUBE-242424,29,935,Active,916,Active,0,28
BIPCUBE-PC242436,POWDER COAT ALUM CUBE-242436,29,1128,Active,1105,Active,0,28
BIPCUBE-PC482420,POWDER COAT ALUM CUBE-482420,29,1160,Active,1137,Active,0,28
BIPCUBE-PC482424,POWDER COAT ALUM CUBE-482424,29,1386,Active,1358,Active,0,28
BIPCUBE-PC482436,POWDER COAT ALUM CUBE-482436,29,1674,Active,1641,Active,0,28
BIPCUBE-PC484820,POWDER COAT ALUM CUBE-484820,29,2287,Active,2242,Active,0,28
BIPCUBE-PC484824,POWDER COAT ALUM CUBE-484824,29,2661,Active,2608,Active,0,28
BIPCUBE-PC484836,POWDER COAT ALUM CUBE-484836,29,3196,Active,3133,Active,0,28
BIPCUBE-PC722420,POWDER COAT ALUM CUBE-722420,29,2243,Active,2199,Active,0,28
BIPCUBE-PC722424,POWDER COAT ALUM CUBE-722424,29,2446,Active,2398,Active,0,28
BIPCUBE-PC722436,POWDER COAT ALUM CUBE-722436,29,3089,Active,3028,Active,0,28
BIPCUBE-PC962420,POWDER COAT ALUM CUBE-962420,29,3274,Active,3209,Active,0,28
BIPCUBE-PC962424,POWDER COAT ALUM CUBE-962424,29,3605,Active,3534,Active,0,28
BIPCUBE-PC962436,POWDER COAT ALUM CUBE-962436,29,4570,Active,4480,Active,0,28
BIPCUBE-PC242420-Z,OXIDIZED ZINC PATINA ALUM CUBE-242420,29,1116,Active,1094,Active,0,28
BIPCUBE-PC242424-Z,OXIDIZED ZINC PATINA ALUM CUBE-242424,29,1214,Active,1190,Active,0,28
BIPCUBE-PC242436-Z,OXIDIZED ZINC PATINA ALUM CUBE-242436,29,1738,Active,1703,Active,0,28
BIPCUBE-PC482420-Z,OXIDIZED ZINC PATINA ALUM CUBE-482420,29,1759,Active,1724,Active,0,28
BIPCUBE-PC482424-Z,OXIDIZED ZINC PATINA ALUM CUBE-482424,29,1857,Active,1820,Active,0,28
BIPCUBE-PC482436-Z,OXIDIZED ZINC PATINA ALUM CUBE-482436,29,2544,Active,2494,Active,0,28
BIPCUBE-PC484820-Z,OXIDIZED ZINC PATINA ALUM CUBE-484820,29,2909,Active,2851,Active,0,28
BIPCUBE-PC484824-Z,OXIDIZED ZINC PATINA ALUM CUBE-484824,29,3424,Active,3356,Active,0,28
BIPCUBE-PC484836-Z,OXIDIZED ZINC PATINA ALUM CUBE-484836,29,4153,Active,4071,Active,0,28
BIPCUBE-PC722420-Z,OXIDIZED ZINC PATINA ALUM CUBE-722420,29,3304,Active,3239,Active,0,28
BIPCUBE-PC722424-Z,OXIDIZED ZINC PATINA ALUM CUBE-722424,29,3659,Active,3587,Active,0,28
BIPCUBE-PC722436-Z,OXIDIZED ZINC PATINA ALUM CUBE-722436,29,4688,Active,4596,Active,0,28
BIPCUBE-PC962420-Z,OXIDIZED ZINC PATINA ALUM CUBE-962420,29,4162,Active,4080,Active,0,28
BIPCUBE-PC962424-Z,OXIDIZED ZINC PATINA ALUM CUBE-962424,29,4604,Active,4513,Active,0,28
BIPCUBE-PC962436-Z,OXIDIZED ZINC PATINA ALUM CUBE-962436,29,5900,Active,5784,Active,0,28
BIPCUBE-TRAY24122,SILVER POWDER COAT ALUM TRAY-24122,29,237,Active,232,Active,0,28
BIPCUBE-TRAY48122,SILVER POWDER COAT ALUM TRAY-48122,29,334,Active,327,Active,0,28
BIPPT-24-BC,2CM PAVER - AXI BROWN CHESTNUT,29,30.4,Active,29.8,Active,0,28
BIPPT-24-GT,2CM PAVER -  AXI GREY TIMBER,29,30.4,Active,29.8,Active,0,28
BIPPT-24-WP,2CM PAVER -  AXI WHITE PINE,29,30.4,Active,29.8,Active,0,28
BIPPT-24-SS,2CM PAVER -  SEASTONE GRAY,29,30.4,Active,29.8,Active,0,28
BIPPT-24-BB,2CM PAVER -  BLOCK BIANCO,29,30.4,Active,29.8,Active,0,28
BIPPT-24-MC,2CM PAVER -  MARK CHROME,29,30.4,Active,29.8,Active,0,28
BIPPT-24-TS,2CM PAVER -  TRUST SILVER,29,30.4,Active,29.8,Active,0,28
BIPPT-24-TG,2CM PAVER -  TRUST GOLD,29,30.4,Active,29.8,Active,0,28
BIPPT-24-BS,2CM PAVER - BLUESTONE,29,30.4,Active,29.8,Active,0,28
BIPPT-BACKER-2424,PAVER BACKER,29,22.5,Active,22.05,Active,0,28
BIPFS-12,FASTENING SPLINE: PAVER TRAYS,29,3.5,Active,3.4,Active,0,28
BIPPT-TRAY-2424-4,PAVER SUPPORT TRAY W / ADHESIVE,29,38.5,Active,37.7,Active,0,28
METAL,METAL MATERIALS,29,NULL,Obsolete,NULL,Removed,0,18
TREMLOCK,TREMLOCK ORDER,29,NULL,Obsolete,NULL,Removed,0,18
TLKACC,TREMLOCK ACCESSORIES,28,NULL,Obsolete,NULL,Removed,0,18
WALL PANEL,WALL PANELS,29,NULL,Obsolete,NULL,Removed,0,18
FS,FLATSTOCK,29,NULL,Obsolete,NULL,Removed,0,18
FST,FASTENERS FOR METAL,29,NULL,Obsolete,NULL,Removed,0,18
CC,CRATING CHARGE,29,NULL,Obsolete,NULL,Removed,0,27
PCC,PANEL CUTTING CHARGE,29,NULL,Obsolete,NULL,Removed,0,27
EF,ENGINEERING FEES,29,NULL,Obsolete,NULL,Removed,0,27
DWGMD,DRAWINGS (MD),29,NULL,Obsolete,NULL,Removed,0,27
BWCUSTOM,BW TREMCO ROOFTOP SAFETY METAL,29,NULL,Obsolete,NULL,Removed,0,17
FGCUSTOM,FIBERGRATE CUSTOM SYSTEM,29,NULL,Obsolete,NULL,Removed,0,17
KEE,KEE SAFETY SYSTEMS,29,NULL,Obsolete,NULL,Removed,0,17
